nusoc;cdepso;cvilso;sexsoc;bgesso;aadhso;anaiso;mnaiso;jnaiso;cspsoc;sitmat;nbenf;accmai;accsms;sitpav1
16300;62;620;1;166;2023;1963;5;30;40;NC;0;1;1;Non abonné
16398;13;008;1;33;2023;1989;2;27;40;N;0;1;1;Non abonné
16408;98;890;1;157;2023;1982;7;11;80;NC;0;1;1;Non abonné
16455;57;160;1;103;2023;1956;10;15;40;O;0;1;1;Abonné
16503;06;200;1;41;2023;1971;5;8;20;NC;0;1;1;Non abonné
16530;13;008;2;33;2023;1996;6;10;30;O;0;1;1;Non abonné
16704;07;100;1;13;2023;1967;1;12;40;O;0;1;2;Non abonné
16833;73;190;1;64;2023;1979;3;1;40;O;0;1;1;Non abonné
17020;14;830;1;111;2023;1975;7;31;30;N;0;2;1;Non abonné
17236;74;000;1;64;2023;1975;2;8;40;O;0;2;1;Non abonné
17262;33;440;1;9;2023;1989;1;2;20;N;0;1;1;Non abonné
17461;45;750;1;122;2023;1956;7;11;30;N;0;1;1;Non abonné
17502;49;000;1;66;2023;1985;8;26;80;N;0;1;1;Non abonné
17598;66;300;1;11;2023;1975;11;13;40;N;0;1;1;Non abonné
17624;21;310;1;131;2023;1984;6;2;50;O;0;1;1;Non abonné
17666;27;470;2;27;2023;1971;4;27;40;N;0;1;1;Non abonné
17719;49;630;1;66;2023;1994;5;10;40;O;0;1;1;Non abonné
17776;97;355;1;155;2023;1994;10;7;80;NC;0;1;1;Non abonné
17798;06;340;2;41;2023;1985;2;1;63;N;0;1;1;Non abonné
17848;34;070;1;11;2023;1970;5;16;12;O;0;1;1;Non abonné
17912;33;000;1;9;2023;1991;7;8;80;O;0;1;1;Non abonné
17981;94;200;1;92;2023;1977;5;19;80;NC;0;1;1;Non abonné
17991;63;530;1;62;2023;1995;8;3;63;N;0;1;1;Non abonné
18018;97;300;1;155;2023;1980;10;14;80;NC;0;2;1;Non abonné
18110;64;210;2;104;2023;1956;2;10;80;O;0;2;0;Non abonné
18123;77;360;1;92;2023;1990;6;16;40;N;0;1;1;Non abonné
18230;54;700;1;151;2023;1978;6;30;50;O;0;1;1;Non abonné
18341;75;006;2;90;2023;1989;1;30;14;N;0;1;1;Non abonné
18773;24;260;1;105;2023;1996;6;1;80;NC;0;1;1;Non abonné
18787;34;270;1;11;2023;1971;8;9;63;N;0;1;1;Non abonné
18800;83;190;1;30;2023;1991;1;1;40;NC;0;1;0;Non abonné
18801;49;330;1;66;2023;1989;12;12;40;O;0;1;1;Non abonné
18954;24;450;1;105;2023;1983;9;14;50;O;0;1;1;Non abonné
18996;63;460;1;62;2023;1994;4;2;40;N;0;1;1;Non abonné
19073;63;960;1;62;2023;1991;7;24;40;N;0;1;1;Non abonné
19155;37;270;1;84;2023;1990;6;6;14;N;0;1;1;Non abonné
19156;86;140;1;113;2023;1990;3;19;80;NC;0;2;0;Non abonné
19311;71;110;1;51;2023;1989;2;5;40;N;0;1;1;Non abonné
19322;16;560;1;9;2023;1994;9;15;40;N;0;1;1;Non abonné
19348;74;370;1;64;2023;1967;8;5;40;O;0;1;1;Non abonné
19371;74;150;1;64;2023;1979;4;16;40;O;0;1;1;Non abonné
19485;01;150;1;51;2023;1982;11;27;30;NC;0;1;1;Non abonné
19550;97;300;1;155;2023;1956;3;28;80;NC;0;2;1;Non abonné
19743;17;430;1;9;2023;1954;8;27;61;O;0;2;1;Non abonné
19764;59;270;1;166;2023;1989;2;10;30;O;0;1;1;Abonné
19930;13;600;1;33;2023;1990;3;22;20;O;0;1;1;Non abonné
19989;97;351;2;155;2023;1979;10;8;80;NC;0;2;1;Non abonné
20065;60;750;1;138;2023;1985;8;16;40;N;0;2;0;Non abonné
20083;33;570;1;9;2023;1994;10;16;63;O;0;1;1;Non abonné
20141;69;530;1;51;2023;1982;9;27;40;NC;0;1;1;Non abonné
20157;74;330;1;64;2023;1995;10;7;40;O;0;1;1;Non abonné
20192;74;340;1;64;2023;1985;1;20;50;O;0;1;1;Non abonné
20324;33;510;1;9;2023;1958;11;30;20;NC;0;1;1;Non abonné
20338;64;250;1;104;2023;1995;4;20;62;N;0;1;1;Non abonné
20447;13;008;1;33;2023;1979;11;2;80;NC;0;1;1;Non abonné
20449;26;260;1;112;2023;1985;11;23;50;NC;0;1;0;Non abonné
20516;21;800;1;131;2023;1995;10;3;40;O;0;1;1;Non abonné
20608;87;590;1;105;2023;1961;6;19;20;O;0;1;1;Non abonné
20773;51;600;1;151;2023;1986;5;2;64;NC;0;1;1;Non abonné
20794;40;130;1;147;2023;1988;8;12;40;N;0;1;1;Non abonné
20842;98;800;2;157;2023;1972;5;30;80;NC;0;2;1;Non abonné
20917;59;114;2;166;2023;1972;6;9;40;N;0;1;1;Non abonné
21074;39;300;1;131;2023;1960;4;5;40;N;0;1;0;Non abonné
21082;69;590;1;51;2023;1974;4;4;40;O;0;1;1;Non abonné
21112;50;260;1;111;2023;1983;3;31;40;N;0;1;1;Non abonné
21128;69;190;1;51;2023;1961;4;13;80;NC;0;1;0;Non abonné
21211;97;233;1;154;2023;1978;11;25;40;N;0;1;1;Non abonné
21259;85;100;1;66;2023;1960;11;18;80;O;0;1;0;Non abonné
21273;74;250;1;64;2023;1989;1;14;80;N;0;1;1;Non abonné
21343;59;370;1;166;2023;1984;2;23;40;N;0;1;1;Non abonné
21350;14;123;1;111;2023;1989;2;16;40;NC;0;1;1;Non abonné
21418;53;000;1;46;2023;1991;1;8;62;N;0;1;1;Non abonné
21465;71;290;1;51;2023;1993;6;2;50;N;0;1;1;Non abonné
21475;13;120;1;107;2023;1960;9;18;40;N;0;1;1;Non abonné
21486;34;000;1;11;2023;1974;9;22;80;NC;0;1;1;Non abonné
21560;98;701;1;156;2023;1966;8;31;80;NC;0;2;1;Non abonné
21593;69;780;2;51;2023;1963;1;12;40;O;0;1;1;Non abonné
21612;34;470;1;11;2023;1979;7;12;30;O;0;1;1;Non abonné
21623;33;120;1;9;2023;1992;9;10;40;N;0;1;1;Abonné
21642;56;320;1;46;2023;1971;8;25;63;N;0;1;1;Non abonné
21709;76;280;1;27;2023;1993;2;10;50;NC;0;1;1;Non abonné
21712;34;510;1;11;2023;1961;4;12;40;N;0;1;1;Abonné
21731;02;600;1;138;2023;1995;9;10;80;NC;0;1;1;Non abonné
21802;38;230;1;39;2023;1981;11;9;50;O;0;1;0;Non abonné
21935;59;670;1;166;2023;1985;4;14;80;N;0;1;1;Non abonné
21981;75;001;1;92;2023;1942;3;29;40;NC;0;0;1;Non abonné
22025;29;690;2;139;2023;1986;9;17;40;O;0;0;0;Non abonné
22207;31;200;1;68;2023;1983;6;21;40;NC;0;1;1;Non abonné
22213;44;240;2;66;2023;1994;8;3;62;N;0;1;1;Non abonné
22277;27;170;2;27;2023;1987;6;22;63;N;0;1;1;Non abonné
22432;84;750;1;107;2023;1995;10;1;62;N;0;1;0;Non abonné
22481;15;200;1;62;2023;1957;6;13;80;O;0;2;0;Non abonné
22571;74;100;1;64;2023;1994;3;1;40;NC;0;1;1;Non abonné
22624;31;200;1;68;2023;1990;12;9;50;NC;0;1;1;Non abonné
22794;95;130;2;90;2023;1963;2;2;40;N;0;0;0;Non abonné
22805;81;100;1;68;2023;1961;4;21;63;O;0;1;1;Non abonné
22811;03;400;1;62;2023;1996;10;1;62;NC;0;1;1;Non abonné
22822;63;000;2;62;2023;1989;11;11;62;N;0;1;1;Non abonné
22931;78;180;1;90;2023;1994;5;26;40;O;0;1;0;Non abonné
22954;97;300;1;155;2023;1970;2;25;80;N;0;2;1;Non abonné
22977;83;400;1;30;2023;1970;12;19;80;NC;0;1;1;Non abonné
23069;30;128;1;36;2023;1989;5;10;40;O;0;1;1;Non abonné
23081;38;160;1;39;2023;1992;3;31;63;O;0;1;1;Non abonné
23094;77;370;3;117;2023;1950;1;1;70;STE;0;1;0;Non abonné
23126;75;008;1;90;2023;1963;4;16;40;O;0;1;1;Non abonné
23138;33;240;1;9;2023;1960;2;2;30;O;0;1;1;Non abonné
23165;75;005;1;92;2023;1988;6;13;20;N;0;1;1;Non abonné
23208;44;590;1;66;2023;1988;7;26;40;N;0;0;0;Non abonné
23217;16;430;1;9;2023;1991;5;19;50;N;0;1;1;Non abonné
23228;77;610;1;92;2023;1992;8;20;40;N;0;1;1;Non abonné
23289;51;460;2;151;2023;1994;9;4;62;N;0;1;1;Non abonné
23314;59;140;1;166;2023;1984;7;24;40;N;0;2;1;Non abonné
23327;18;390;1;122;2023;1991;5;11;50;O;0;1;1;Non abonné
23411;63;119;1;62;2023;1992;1;30;40;N;0;1;1;Non abonné
23481;49;380;1;66;2023;1975;2;25;50;NC;0;0;1;Non abonné
23671;34;130;2;117;2023;1968;6;11;80;N;0;1;1;Non abonné
23681;83;140;3;117;2023;1950;1;1;70;STE;0;1;1;Non abonné
23704;92;300;3;117;2023;1950;1;1;70;STE;0;2;0;Non abonné
24088;06;560;2;17;2023;1947;7;5;61;N;0;2;0;Non abonné
24139;73;000;1;64;2023;1981;5;5;40;O;0;1;1;Non abonné
24183;62;112;1;166;2023;1994;10;24;40;N;0;1;1;Non abonné
24308;94;600;1;92;2023;1994;6;9;62;NC;0;1;1;Non abonné
24356;73;400;1;64;2023;1996;11;28;50;O;0;0;1;Abonné
24364;69;160;1;51;2023;1991;3;18;40;NC;0;1;1;Non abonné
24365;35;440;1;46;2023;1992;9;3;40;N;0;1;1;Non abonné
24385;59;290;1;166;2023;1973;5;5;40;O;0;2;0;Non abonné
24429;31;100;1;68;2023;1992;7;24;40;NC;0;1;1;Non abonné
24480;34;510;2;11;2023;1975;6;14;40;O;0;0;0;Non abonné
24582;75;007;1;90;2023;1986;7;18;13;N;0;1;1;Non abonné
24624;62;810;1;166;2023;1991;4;30;40;N;0;1;1;Non abonné
24725;69;560;1;51;2023;1967;6;21;20;O;0;1;1;Abonné
24842;06;200;1;41;2023;1989;10;17;40;N;0;1;1;Non abonné
24874;78;120;1;90;2023;1995;1;27;62;O;0;1;1;Non abonné
24880;74;120;2;64;2023;1967;1;11;40;NC;0;1;1;Non abonné
24911;02;680;1;138;2023;1990;5;29;20;O;0;1;1;Non abonné
25018;06;200;1;41;2023;1941;10;18;61;O;0;1;1;Non abonné
25069;75;006;1;90;2023;1947;1;16;40;O;0;1;1;Non abonné
25109;76;930;1;27;2023;1975;1;12;40;O;0;1;1;Non abonné
25126;21;250;1;131;2023;1994;12;6;40;N;0;1;1;Non abonné
25191;66;300;1;11;2023;1965;9;30;40;O;0;1;1;Non abonné
25207;59;800;1;166;2023;1993;6;27;62;NC;0;1;1;Non abonné
25251;74;370;2;64;2023;1987;3;25;40;O;0;1;1;Non abonné
25279;66;350;1;11;2023;1946;6;1;40;O;0;2;1;Non abonné
25303;14;970;1;111;2023;1996;11;12;62;N;0;1;1;Non abonné
25358;59;185;2;166;2023;1992;10;5;40;O;0;1;1;Non abonné
25366;19;100;1;105;2023;1992;7;28;63;N;0;1;1;Non abonné
25399;31;380;1;68;2023;1969;8;19;80;O;0;1;2;Non abonné
25459;71;120;1;51;2023;1991;4;5;40;O;0;1;0;Non abonné
25466;30;650;1;36;2023;1961;3;14;61;O;0;1;1;Non abonné
25474;37;260;1;84;2023;1988;4;20;40;O;0;1;1;Non abonné
25536;31;330;1;68;2023;1992;1;14;40;N;0;1;1;Non abonné
25660;74;140;1;64;2023;1955;6;13;61;NC;0;1;1;Non abonné
25706;97;351;1;155;2023;1980;2;5;30;O;0;2;1;Non abonné
25715;69;210;1;53;2023;1989;1;26;40;NC;0;1;1;Non abonné
25763;24;390;2;105;2023;1986;1;9;40;N;0;1;1;Non abonné
25769;54;000;2;151;2023;1954;7;28;20;O;0;1;1;Non abonné
25842;81;100;1;68;2023;1978;4;7;40;O;0;1;1;Non abonné
25885;91;630;3;117;2023;1970;5;1;70;STE;0;0;1;Non abonné
25919;78;620;1;90;2023;1996;11;5;62;N;0;1;1;Non abonné
25950;75;020;1;92;2023;1993;5;28;40;N;0;1;1;Non abonné
26053;78;470;1;90;2023;1994;9;11;40;N;0;1;0;Non abonné
26077;14;112;1;111;2023;1985;4;1;80;N;0;1;1;Non abonné
26121;29;490;1;139;2023;1996;9;12;62;N;0;1;1;Non abonné
26303;69;002;1;51;2023;1958;12;22;40;NC;0;1;1;Non abonné
26340;54;190;2;103;2023;1975;7;22;80;O;0;1;1;Non abonné
26410;73;000;1;64;2023;1978;9;13;40;O;0;1;1;Non abonné
26413;35;380;1;46;2023;1968;3;17;40;NC;0;1;1;Non abonné
26464;93;500;1;92;2023;1991;5;29;30;N;0;1;1;Non abonné
26466;10;100;2;131;2023;1965;1;25;30;O;0;1;1;Non abonné
26481;11;000;1;11;2023;1996;12;3;40;N;0;1;1;Non abonné
26546;44;760;1;66;2023;1992;6;18;40;N;0;1;1;Non abonné
26552;45;770;1;122;2023;1959;4;7;30;NC;0;1;1;Non abonné
26586;31;380;1;68;2023;1994;6;12;80;NC;0;1;1;Non abonné
26625;14;270;1;111;2023;1992;11;10;40;NC;0;2;0;Non abonné
26659;17;250;1;9;2023;1954;7;27;40;N;0;1;1;Non abonné
26674;11;400;1;11;2023;1970;1;6;20;O;0;1;1;Non abonné
26747;83;830;1;30;2023;1961;7;21;80;O;0;1;1;Non abonné
26784;05;000;1;39;2023;1984;6;7;80;NC;0;2;0;Non abonné
26805;33;130;1;9;2023;1954;4;1;40;NC;0;1;1;Non abonné
26875;40;200;1;147;2023;1964;11;17;12;O;0;0;0;Non abonné
26900;76;600;1;27;2023;1989;5;27;20;N;0;1;1;Non abonné
26963;83;640;1;30;2023;1991;4;26;40;O;0;1;1;Abonné
26971;75;020;1;92;2023;1985;12;26;40;NC;0;1;1;Non abonné
26980;76;590;1;27;2023;1957;1;15;40;O;0;1;1;Non abonné
27039;21;000;1;131;2023;1991;12;12;63;O;0;1;1;Non abonné
27072;16;400;1;9;2023;1963;11;1;40;O;0;1;1;Non abonné
27081;64;140;1;104;2023;1949;12;2;61;O;0;1;1;Non abonné
27135;30;210;2;36;2023;1976;4;27;40;O;0;1;1;Non abonné
27406;77;320;1;92;2023;1996;6;6;62;N;0;1;1;Non abonné
27479;39;700;1;131;2023;1991;3;15;50;N;0;1;1;Non abonné
27498;59;134;1;166;2023;1958;9;30;40;O;0;1;1;Non abonné
27504;31;200;1;68;2023;1989;8;21;40;O;0;1;1;Non abonné
27537;43;160;1;62;2023;1996;11;8;40;NC;0;1;1;Non abonné
27544;45;320;1;122;2023;1992;4;8;80;N;0;1;1;Abonné
27649;69;006;1;51;2023;1972;6;8;80;NC;0;1;1;Non abonné
27778;69;007;3;117;2023;1950;1;1;70;STE;0;1;0;Non abonné
27811;30;350;1;36;2023;1973;7;5;40;O;0;1;1;Non abonné
27849;06;000;3;117;2023;1950;1;1;70;STE;0;1;1;Non abonné
27974;31;300;1;68;2023;1970;6;1;20;N;0;1;1;Non abonné
28052;30;240;2;36;2023;1960;1;31;40;O;0;1;1;Non abonné
28073;67;400;1;23;2023;1995;12;11;62;O;0;1;1;Non abonné
28079;25;000;1;131;2023;1991;7;1;62;N;0;1;1;Non abonné
28284;34;070;1;11;2023;1986;12;26;80;NC;0;1;1;Non abonné
28303;75;005;3;117;2023;1970;5;1;70;STE;0;2;1;Non abonné
28339;92;310;1;90;2023;1988;3;31;20;O;0;1;1;Non abonné
28390;42;160;1;13;2023;1986;4;10;40;NC;0;1;1;Non abonné
28482;91;330;1;92;2023;1995;7;4;62;NC;0;1;1;Non abonné
28626;69;440;1;51;2023;1975;5;18;40;NC;0;1;1;Non abonné
28679;33;000;1;9;2023;1983;8;5;63;N;0;1;1;Non abonné
28760;76;610;1;27;2023;1965;2;15;40;O;0;1;1;Non abonné
28861;69;120;1;51;2023;1993;5;11;40;N;0;1;1;Non abonné
28872;28;140;1;122;2023;1991;2;25;50;O;0;1;1;Non abonné
28919;49;270;1;66;2023;1995;8;7;40;N;0;1;1;Non abonné
29006;71;520;1;51;2023;1980;6;17;63;N;0;1;1;Abonné
29012;64;700;1;104;2023;1995;8;24;62;N;0;1;2;Non abonné
29069;97;354;2;155;2023;1977;3;27;40;N;0;1;1;Non abonné
29182;37;150;1;84;2023;1981;9;16;40;NC;0;1;1;Non abonné
29255;69;870;2;53;2023;1969;10;4;40;NC;0;0;1;Non abonné
29265;60;170;1;138;2023;1956;3;31;40;O;0;1;2;Abonné
29283;82;270;1;68;2023;1978;11;14;40;N;0;1;1;Non abonné
29400;83;330;1;30;2023;1986;3;12;20;O;0;1;1;Non abonné
29451;73;200;1;64;2023;1964;3;16;20;N;0;1;1;Non abonné
29466;82;440;1;68;2023;1991;1;4;40;NC;0;1;1;Non abonné
29485;33;360;1;9;2023;1992;7;28;40;N;0;1;1;Non abonné
29518;88;160;1;23;2023;1993;2;16;50;N;0;1;0;Non abonné
29530;32;450;1;68;2023;1978;5;13;40;O;0;1;1;Non abonné
29604;06;000;1;41;2023;1935;12;13;61;O;0;1;1;Non abonné
29661;17;138;1;9;2023;1987;7;19;80;N;0;1;1;Non abonné
29683;50;260;1;111;2023;1989;8;16;40;NC;0;1;1;Non abonné
29688;41;600;1;84;2023;1991;12;27;12;O;0;1;1;Non abonné
29866;20;220;1;41;2023;1989;2;15;12;O;0;1;1;Non abonné
29941;72;230;3;117;2023;1950;1;1;70;STE;0;1;1;Non abonné
30077;69;007;1;51;2023;1990;6;13;40;N;0;1;1;Non abonné
30104;08;440;3;117;2023;1950;1;1;70;STE;0;2;0;Non abonné
30106;64;300;2;104;2023;1973;1;26;62;NC;0;1;1;Non abonné
30142;94;110;3;117;2023;1970;5;1;70;STE;0;2;1;Non abonné
30250;69;380;1;53;2023;1984;3;6;12;N;0;1;1;Non abonné
30274;28;150;1;122;2023;1992;10;31;62;N;0;1;1;Non abonné
30334;83;700;1;30;2023;1964;3;23;40;O;0;2;1;Non abonné
30335;75;012;1;92;2023;1984;8;14;80;NC;0;1;1;Non abonné
30342;76;800;1;27;2023;1993;2;1;62;N;0;1;1;Non abonné
30381;36;300;2;113;2023;1990;7;25;40;N;0;1;1;Non abonné
30418;69;100;2;51;2023;1981;4;7;40;NC;0;1;1;Non abonné
30427;69;009;2;51;2023;1987;11;16;40;O;0;1;1;Non abonné
30515;72;300;1;84;2023;1967;8;27;40;O;0;1;1;Non abonné
30533;75;018;1;90;2023;1983;6;13;20;N;0;1;1;Non abonné
30645;13;720;1;33;2023;1974;12;16;40;NC;0;1;1;Non abonné
30689;38;320;1;39;2023;1993;7;30;40;N;0;1;1;Non abonné
30827;76;480;1;27;2023;1960;8;1;40;NC;0;2;0;Non abonné
30891;60;700;1;138;2023;1989;11;5;40;N;0;1;1;Non abonné
31010;45;360;1;122;2023;1987;6;28;40;NC;0;1;1;Non abonné
31043;26;110;1;112;2023;1981;8;15;63;O;0;1;1;Non abonné
31060;30;390;1;36;2023;1977;6;5;40;N;0;1;0;Non abonné
31183;31;700;1;68;2023;1993;6;15;40;N;0;1;1;Non abonné
31205;20;137;1;33;2023;1980;3;16;30;N;0;1;1;Non abonné
31348;38;340;1;39;2023;1990;8;21;50;N;0;1;1;Non abonné
31351;67;510;1;23;2023;1981;5;22;50;N;0;1;1;Non abonné
31367;05;000;1;39;2023;1992;4;15;40;O;0;1;1;Non abonné
31439;87;800;1;105;2023;1993;10;21;50;N;0;1;1;Non abonné
31451;26;210;1;112;2023;1986;10;10;80;N;0;1;1;Non abonné
31465;29;720;2;139;2023;1975;11;29;30;N;0;1;1;Non abonné
31485;01;120;1;51;2023;1992;5;20;50;N;0;1;1;Non abonné
31493;83;330;1;30;2023;1986;2;14;40;N;0;1;1;Non abonné
31538;64;310;1;104;2023;1993;3;10;40;N;0;1;1;Non abonné
31546;53;800;1;46;2023;1995;3;16;40;NC;0;1;1;Non abonné
31552;26;800;1;112;2023;1992;5;22;40;N;0;1;1;Non abonné
31629;74;370;1;64;2023;1981;12;24;12;NC;0;1;0;Non abonné
31846;33;980;1;9;2023;1993;2;7;62;N;0;0;1;Non abonné
31893;45;800;1;122;2023;1974;12;18;50;O;0;1;1;Non abonné
31900;30;220;1;36;2023;1976;9;20;14;NC;0;1;1;Abonné
32008;87;340;2;105;2023;1972;8;1;12;NC;0;1;1;Non abonné
32171;66;000;1;11;2023;1960;6;18;40;O;0;1;1;Non abonné
32357;21;130;1;131;2023;1996;4;27;63;N;0;2;1;Non abonné
32381;69;270;3;117;2023;1950;1;1;70;STE;0;2;0;Non abonné
32415;43;160;1;62;2023;1990;12;19;50;N;0;1;1;Non abonné
32469;07;660;1;112;2023;1972;3;1;40;NC;0;1;1;Non abonné
32528;21;000;2;131;2023;1994;3;22;62;N;0;1;1;Non abonné
32610;33;140;1;9;2023;1955;2;11;64;O;0;1;1;Non abonné
32745;33;290;1;9;2023;1967;9;24;50;N;0;1;1;Non abonné
32776;54;113;1;103;2023;1958;4;4;40;N;0;1;1;Non abonné
32777;20;260;3;117;2023;1950;1;1;70;STE;0;1;1;Non abonné
32825;40;230;1;147;2023;1968;10;15;80;O;0;2;1;Non abonné
32838;38;100;1;39;2023;1989;4;20;40;O;0;1;1;Non abonné
32863;66;000;3;117;2023;1950;1;1;70;STE;0;2;0;Non abonné
32880;67;000;1;23;2023;1993;5;21;40;N;0;1;1;Abonné
32894;62;131;1;166;2023;1977;7;26;40;O;0;1;1;Non abonné
32898;75;001;3;117;2023;1950;1;1;70;STE;0;0;1;Non abonné
32918;92;300;1;92;2023;1992;2;27;40;NC;0;1;1;Non abonné
32965;78;780;1;90;2023;1993;7;2;50;N;0;1;1;Non abonné
33026;22;140;1;139;2023;1978;8;11;40;O;0;1;1;Non abonné
33031;13;250;2;107;2023;1988;9;29;40;NC;0;1;1;Non abonné
33229;87;000;1;105;2023;1944;3;30;61;N;0;2;0;Non abonné
33232;27;230;1;27;2023;1994;8;15;50;N;0;1;1;Non abonné
33243;26;400;2;112;2023;1994;12;1;62;O;0;1;0;Non abonné
33309;26;600;1;112;2023;1992;3;13;40;N;0;1;1;Non abonné
33374;19;000;1;105;2023;1988;12;2;40;N;0;1;1;Non abonné
33473;69;009;1;51;2023;1996;8;20;40;N;0;2;1;Non abonné
33490;89;120;1;122;2023;1969;1;4;40;O;0;1;1;Non abonné
33497;59;570;1;166;2023;1965;10;17;40;O;0;1;1;Non abonné
33601;92;100;3;117;2023;1950;1;1;70;STE;0;1;0;Non abonné
33622;41;800;1;84;2023;1993;6;23;62;N;0;1;1;Non abonné
33647;83;990;3;117;2023;1950;1;1;70;STE;0;2;0;Non abonné
33708;83;150;1;30;2023;1991;4;19;62;N;0;1;1;Non abonné
33752;62;820;1;166;2023;1992;11;13;40;N;0;1;1;Non abonné
33756;22;200;1;139;2023;1992;7;30;40;N;0;1;1;Non abonné
33776;44;640;1;66;2023;1993;8;21;40;O;0;2;1;Non abonné
33834;43;000;1;13;2023;1981;8;31;80;O;0;1;1;Non abonné
33843;77;600;1;92;2023;1955;9;15;30;O;0;2;1;Non abonné
33880;97;180;1;153;2023;1955;5;26;80;NC;0;2;0;Non abonné
33887;62;142;1;166;2023;1992;2;12;40;O;0;1;1;Non abonné
33908;34;500;1;11;2023;1968;9;7;40;N;0;1;1;Non abonné
33921;31;210;1;68;2023;1994;12;2;80;N;0;1;1;Non abonné
33946;07;250;1;112;2023;1995;3;17;40;N;0;1;1;Non abonné
33949;66;480;1;11;2023;1955;8;8;40;O;0;1;1;Non abonné
33952;13;190;1;33;2023;1977;10;27;50;NC;0;1;1;Non abonné
33969;76;410;1;27;2023;1991;2;25;40;N;0;1;1;Non abonné
34011;69;460;1;53;2023;1996;11;22;80;NC;0;1;1;Non abonné
34084;08;200;2;103;2023;1978;6;19;40;O;0;1;1;Abonné
34135;20;214;1;41;2023;1977;1;12;80;NC;0;1;1;Non abonné
34156;83;460;1;30;2023;1960;3;4;40;NC;0;1;1;Non abonné
34166;07;250;1;112;2023;1985;7;25;80;NC;0;2;1;Non abonné
34181;69;440;1;51;2023;1979;8;2;80;NC;0;1;1;Non abonné
34242;14;220;2;111;2023;1959;11;11;80;NC;0;2;0;Non abonné
34274;13;105;1;107;2023;1988;6;28;40;O;0;1;1;Non abonné
34300;06;500;1;41;2023;1991;5;21;50;O;0;1;1;Abonné
34336;92;200;1;90;2023;1996;3;31;80;N;0;1;1;Non abonné
34361;38;400;1;39;2023;1993;11;27;50;N;0;1;1;Non abonné
34390;62;350;1;166;2023;1960;1;9;80;O;0;1;1;Non abonné
34396;34;690;1;11;2023;1978;5;9;13;NC;0;1;1;Non abonné
34523;69;380;1;53;2023;1953;12;15;40;N;0;2;0;Non abonné
34582;70;200;1;131;2023;1995;7;5;50;N;0;1;1;Non abonné
34596;13;008;1;33;2023;1966;6;19;80;NC;0;1;1;Non abonné
34627;44;550;1;66;2023;1996;2;26;62;N;0;1;1;Non abonné
34701;33;690;1;9;2023;1993;4;29;80;NC;0;1;1;Non abonné
34769;83;600;1;30;2023;1987;8;4;80;NC;0;1;1;Non abonné
34773;25;820;1;131;2023;1976;6;11;40;N;0;2;1;Non abonné
34777;92;110;1;90;2023;1951;4;23;80;NC;0;1;1;Non abonné
34796;40;110;1;147;2023;1949;5;8;61;O;0;1;1;Non abonné
34824;12;630;1;11;2023;1995;3;24;40;N;0;1;1;Non abonné
34832;31;500;1;68;2023;1985;12;8;40;NC;0;1;1;Non abonné
34856;84;600;1;107;2023;1974;10;3;40;NC;0;1;1;Non abonné
34896;25;220;1;131;2023;1989;5;23;30;N;0;1;1;Non abonné
34906;83;130;1;30;2023;1968;5;26;80;N;0;2;1;Non abonné
34913;01;140;1;53;2023;1976;6;15;20;N;0;1;1;Non abonné
34967;26;120;1;112;2023;1970;1;7;40;O;0;1;0;Non abonné
34968;54;800;1;103;2023;1952;9;18;80;N;0;1;1;Non abonné
34987;69;210;1;53;2023;1969;8;29;20;O;0;1;1;Non abonné
34988;63;200;1;62;2023;1967;12;5;80;NC;0;1;1;Non abonné
34989;68;000;1;23;2023;1959;9;11;40;N;0;1;1;Non abonné
34998;06;500;1;41;2023;1994;3;3;80;NC;0;1;1;Non abonné
35007;72;400;1;84;2023;1979;5;2;80;NC;0;1;0;Non abonné
35023;33;700;1;9;2023;1993;11;30;40;N;0;1;1;Abonné
35043;77;171;1;92;2023;1967;7;14;80;O;0;1;1;Non abonné
35047;98;715;1;156;2023;1981;10;13;80;NC;0;2;1;Abonné
35079;24;800;1;105;2023;1992;9;14;50;N;0;1;1;Non abonné
35179;68;180;1;23;2023;1995;8;13;40;N;0;1;1;Non abonné
35214;13;760;1;107;2023;1961;1;19;12;O;0;1;1;Non abonné
35308;18;510;1;122;2023;1985;6;27;63;NC;0;1;1;Non abonné
35402;11;700;1;11;2023;1968;2;13;40;O;0;1;1;Non abonné
35420;71;600;1;51;2023;1984;6;13;40;O;0;1;1;Non abonné
35570;97;432;1;136;2023;1979;12;19;80;N;0;1;1;Non abonné
35577;94;270;3;117;2023;1950;1;1;70;STE;0;1;1;Non abonné
35610;78;280;1;90;2023;1988;2;12;40;N;0;1;1;Non abonné
35615;30;240;1;36;2023;1957;12;25;63;N;0;2;1;Non abonné
35710;22;330;1;139;2023;1967;10;15;62;NC;0;1;0;Non abonné
35716;49;112;2;66;2023;1991;6;3;40;N;0;1;1;Non abonné
35723;21;170;2;131;2023;1991;11;13;40;N;0;1;1;Non abonné
35763;35;000;1;46;2023;2001;5;3;62;N;0;0;0;Non abonné
35784;98;713;1;156;2023;1969;1;3;80;O;0;1;1;Non abonné
35851;85;000;1;66;2023;1993;12;2;40;N;0;1;1;Non abonné
35951;13;001;1;33;2023;1970;3;7;40;NC;0;1;1;Non abonné
35991;45;550;1;122;2023;1994;7;30;62;O;0;1;1;Non abonné
36060;88;110;1;23;2023;1987;7;4;20;N;0;1;1;Non abonné
36069;69;006;3;117;2023;1950;1;1;70;STE;0;2;0;Non abonné
36074;80;800;1;138;2023;1973;2;22;40;O;0;1;1;Non abonné
36113;87;280;1;105;2023;1974;1;21;50;O;0;1;1;Non abonné
36194;73;100;1;64;2023;1965;6;15;40;N;0;1;1;Non abonné
36300;30;250;1;36;2023;1983;10;16;40;NC;0;1;1;Non abonné
36390;11;400;1;11;2023;1979;9;16;80;NC;0;1;1;Non abonné
36409;57;840;1;103;2023;1987;12;17;20;O;0;1;1;Non abonné
36525;59;122;1;166;2023;1970;5;13;20;O;0;1;1;Non abonné
36526;74;370;1;64;2023;1967;7;9;12;O;0;1;1;Non abonné
36545;67;990;1;23;2023;1962;10;13;40;O;0;1;1;Non abonné
36616;58;000;1;122;2023;1972;8;21;20;O;0;1;1;Non abonné
36626;75;010;1;90;2023;1968;7;6;40;N;0;1;1;Non abonné
36630;38;090;2;39;2023;1992;7;1;50;NC;0;1;1;Non abonné
36665;13;007;2;33;2023;1974;1;31;40;O;0;1;0;Non abonné
36731;69;780;2;51;2023;1991;9;10;62;N;0;1;1;Non abonné
36733;84;000;1;107;2023;1983;1;4;40;NC;0;1;1;Non abonné
36788;91;620;1;92;2023;1973;8;1;80;NC;0;2;1;Non abonné
36802;72;400;1;84;2023;1979;7;26;40;O;0;1;1;Abonné
36818;56;190;1;46;2023;1988;6;7;40;NC;0;1;1;Non abonné
36828;56;100;2;46;2023;1993;11;14;40;N;0;1;1;Non abonné
36858;76;240;1;27;2023;1983;1;10;20;O;0;1;1;Non abonné
36915;41;170;1;84;2023;1991;10;15;63;O;0;1;1;Abonné
37008;41;000;1;84;2023;1978;12;27;50;NC;0;1;1;Non abonné
37130;75;018;1;90;2023;1989;6;15;40;N;0;1;1;Non abonné
37145;95;110;1;90;2023;1995;12;31;40;NC;0;1;1;Non abonné
37150;67;370;1;23;2023;1989;12;1;40;NC;0;1;1;Non abonné
37163;92;410;1;92;2023;1970;6;8;80;NC;0;1;1;Non abonné
37185;13;400;1;33;2023;1982;2;18;40;N;0;1;1;Non abonné
37240;77;115;1;92;2023;1993;1;27;40;N;0;1;1;Abonné
37267;35;170;1;46;2023;1989;11;14;80;O;0;1;1;Non abonné
37429;63;170;3;117;2023;1970;1;1;70;STE;0;2;0;Non abonné
37455;06;500;1;41;2023;1999;4;20;62;N;0;1;1;Non abonné
37459;73;370;1;64;2023;1991;12;4;40;N;0;1;1;Non abonné
37505;69;780;1;51;2023;1974;8;15;40;NC;0;1;1;Non abonné
37525;20;167;1;33;2023;1995;7;22;40;O;0;1;1;Non abonné
37558;52;200;1;131;2023;1994;1;31;50;NC;0;1;1;Non abonné
37600;94;440;3;117;2023;1950;1;1;70;STE;0;1;0;Non abonné
37677;14;250;1;111;2023;1992;1;7;50;N;0;1;1;Non abonné
37761;34;920;1;11;2023;1974;4;3;40;O;0;0;1;Non abonné
37798;74;000;1;64;2023;1970;12;31;40;N;0;2;1;Non abonné
37826;92;400;1;90;2023;1985;7;23;63;O;0;1;1;Non abonné
37931;44;350;1;66;2023;1966;12;20;63;O;0;1;1;Non abonné
37941;13;190;1;33;2023;1993;6;23;62;N;0;1;1;Non abonné
37966;56;310;1;46;2023;1993;11;6;40;O;0;1;1;Non abonné
37980;13;013;1;33;2023;1996;2;6;40;N;0;1;1;Non abonné
37983;33;700;1;9;2023;1979;6;16;40;O;0;1;1;Non abonné
37997;80;270;1;138;2023;1989;5;20;40;NC;0;1;1;Non abonné
38026;84;360;1;107;2023;1994;7;9;40;O;0;1;1;Non abonné
38062;13;005;1;33;2023;1981;11;3;80;NC;0;2;0;Non abonné
38073;57;130;1;103;2023;1957;4;14;40;NC;0;1;1;Abonné
38121;77;100;1;92;2023;1951;10;7;80;O;0;2;1;Non abonné
38123;91;330;1;92;2023;1991;6;5;80;NC;0;1;0;Non abonné
38134;64;110;1;104;2023;1986;10;4;11;O;0;1;1;Non abonné
38135;69;300;1;51;2023;1990;5;13;20;NC;0;1;1;Non abonné
38140;75;018;1;90;2023;1984;5;7;40;N;0;1;1;Non abonné
38164;87;400;1;105;2023;1964;6;23;40;O;0;1;1;Abonné
38186;71;700;1;51;2023;1980;5;25;12;N;0;1;1;Non abonné
38230;07;200;1;112;2023;1994;7;4;62;N;0;1;1;Non abonné
38332;38;640;1;39;2023;1980;5;10;40;N;0;1;1;Non abonné
38333;33;360;1;9;2023;1983;7;13;12;NC;0;1;1;Non abonné
38376;69;004;1;51;2023;1995;4;25;40;N;0;1;1;Abonné
38500;97;300;1;155;2023;1990;6;13;40;N;0;1;1;Non abonné
38585;71;360;1;51;2023;1967;7;12;40;O;0;1;0;Non abonné
38624;13;007;1;33;2023;1941;7;29;61;O;0;1;1;Abonné
38656;13;004;1;33;2023;1987;1;14;40;NC;0;2;0;Non abonné
38677;95;370;1;90;2023;1989;5;14;30;NC;0;1;1;Non abonné
38750;84;550;1;107;2023;1991;8;15;20;N;0;1;1;Non abonné
38769;35;510;1;46;2023;1986;12;8;20;NC;0;1;1;Non abonné
38794;30;390;1;36;2023;1965;11;10;80;NC;0;1;1;Non abonné
38810;38;460;1;39;2023;1963;5;25;40;O;0;1;1;Non abonné
38867;13;004;1;33;2023;1958;9;4;80;O;0;1;1;Non abonné
38981;95;240;1;90;2023;1953;1;28;14;N;0;1;1;Non abonné
38990;84;000;1;107;2023;1994;2;21;62;N;0;1;1;Non abonné
39033;56;160;1;46;2023;1987;11;6;40;NC;0;1;1;Non abonné
39121;73;230;1;64;2023;1976;10;21;40;N;0;1;1;Abonné
39163;75;001;3;117;2023;1950;1;1;70;STE;0;1;1;Non abonné
39216;69;300;1;51;2023;1974;10;4;20;NC;0;1;1;Non abonné
39265;30;130;1;36;2023;1989;3;31;40;N;0;1;1;Non abonné
39330;92;500;1;159;2023;1968;9;19;80;O;0;1;1;Non abonné
39331;14;680;1;111;2023;1995;8;1;40;N;0;1;1;Non abonné
39334;65;000;1;147;2023;1973;1;24;40;O;0;1;1;Non abonné
39423;06;450;1;41;2023;1958;8;16;20;O;0;1;1;Non abonné
39493;36;000;1;113;2023;1993;9;29;80;N;0;1;1;Non abonné
39511;81;000;1;68;2023;1973;1;20;40;NC;0;1;1;Non abonné
39699;56;600;1;46;2023;1990;4;18;40;NC;0;1;0;Non abonné
39745;44;300;1;66;2023;1984;6;4;40;NC;0;1;1;Non abonné
39754;33;130;2;84;2023;2000;8;30;40;N;0;1;1;Non abonné
39844;35;500;1;46;2023;1964;11;16;50;NC;0;2;1;Non abonné
39909;75;018;1;90;2023;1990;9;14;50;N;0;1;1;Non abonné
39986;97;460;3;117;2023;1950;1;1;70;STE;0;0;0;Non abonné
40206;14;112;1;111;2023;1990;5;29;40;O;0;1;1;Non abonné
40217;09;120;1;68;2023;1982;9;7;80;NC;0;2;0;Non abonné
40224;76;540;1;27;2023;1992;7;23;50;N;0;1;1;Non abonné
40419;74;000;1;64;2023;1980;10;22;40;N;0;2;1;Non abonné
40457;31;190;1;68;2023;1991;4;29;40;N;0;1;1;Non abonné
40511;13;006;1;33;2023;1989;3;10;30;O;0;2;1;Non abonné
40556;57;890;1;103;2023;1959;5;26;61;O;0;1;1;Non abonné
40591;13;008;1;33;2023;1972;4;16;30;O;0;1;1;Non abonné
40621;47;520;1;118;2023;1964;1;22;40;N;0;1;1;Non abonné
40632;75;017;1;90;2023;1962;8;5;80;O;0;1;1;Non abonné
40850;67;230;1;23;2023;1989;5;22;30;O;0;1;0;Non abonné
40991;97;232;2;154;2023;1969;10;29;40;O;0;1;0;Non abonné
40999;30;100;1;36;2023;1990;2;5;40;NC;0;1;1;Non abonné
41045;75;014;2;90;2023;1995;1;15;80;NC;0;1;1;Non abonné
41115;74;600;1;64;2023;1992;6;12;40;O;0;1;1;Non abonné
41129;13;910;1;33;2023;1983;11;15;80;NC;0;2;0;Non abonné
41234;40;390;1;147;2023;1989;10;30;50;N;0;2;0;Non abonné
41250;06;270;1;17;2023;1995;1;15;40;N;0;1;0;Non abonné
41265;69;300;1;51;2023;1994;5;18;40;N;0;2;1;Abonné
41272;69;510;2;51;2023;1967;9;21;40;O;0;1;1;Non abonné
41306;07;250;1;112;2023;1993;8;11;40;O;0;2;1;Non abonné
41322;98;843;1;157;2023;1987;8;12;80;NC;0;1;1;Non abonné
41346;78;125;1;90;2023;1987;5;9;40;O;0;2;1;Non abonné
41349;83;000;1;30;2023;1952;2;20;14;N;0;1;1;Non abonné
41406;17;780;1;9;2023;1997;9;30;63;N;0;1;1;Non abonné
41414;69;610;1;51;2023;1977;12;14;40;NC;0;1;1;Non abonné
41418;68;700;1;23;2023;1990;8;4;20;O;0;1;1;Non abonné
41454;83;110;1;30;2023;1963;8;30;40;NC;0;1;1;Non abonné
41494;29;780;1;139;2023;1993;3;29;62;NC;0;1;1;Non abonné
41539;22;000;1;139;2023;1988;4;26;80;N;0;1;1;Non abonné
41547;06;100;1;41;2023;1969;9;23;40;O;0;1;1;Non abonné
41665;97;410;1;136;2023;1978;12;2;20;NC;0;1;1;Non abonné
41705;91;240;3;117;2023;1950;1;1;70;STE;0;1;0;Non abonné
41721;69;510;1;51;2023;1991;4;4;80;NC;0;1;0;Non abonné
41761;83;200;1;30;2023;1990;12;6;40;N;0;1;1;Non abonné
41855;13;160;1;33;2023;1993;10;6;20;N;0;1;1;Non abonné
41920;69;380;1;53;2023;1962;9;8;20;NC;0;1;1;Non abonné
41963;74;000;2;64;2023;1992;7;30;40;O;0;1;1;Non abonné
41984;67;140;1;23;2023;1989;5;31;40;N;0;1;1;Non abonné
42012;54;150;1;103;2023;1985;12;13;40;NC;0;1;1;Non abonné
42179;08;200;1;103;2023;1985;6;10;40;NC;0;1;1;Non abonné
42200;87;600;1;105;2023;1965;2;5;50;O;0;0;1;Non abonné
42207;01;800;1;51;2023;1994;2;28;40;NC;0;1;1;Non abonné
42224;35;230;1;46;2023;1964;5;13;40;O;0;1;1;Non abonné
42273;69;360;1;51;2023;1991;4;29;40;N;0;1;1;Non abonné
42333;69;007;1;51;2023;1994;4;26;62;N;0;1;2;Non abonné
42396;69;780;1;51;2023;1978;12;10;40;NC;0;1;1;Non abonné
42405;13;190;2;33;2023;1977;4;18;40;O;0;1;1;Non abonné
42430;30;320;1;36;2023;1996;12;28;40;N;0;1;1;Non abonné
42440;33;750;1;9;2023;1970;2;22;40;O;0;1;1;Non abonné
42487;37;270;1;84;2023;1988;11;26;40;NC;0;1;1;Non abonné
42519;80;090;1;138;2023;1989;10;20;40;N;0;1;1;Non abonné
42538;84;700;3;117;2023;1950;1;1;70;STE;0;2;0;Non abonné
42546;40;110;1;147;2023;1961;11;23;40;O;0;1;1;Non abonné
42557;53;210;1;46;2023;1995;9;13;50;NC;0;1;1;Non abonné
42726;56;600;1;46;2023;1977;12;13;40;O;0;1;2;Non abonné
42736;62;400;1;166;2023;1989;12;14;20;NC;0;1;1;Non abonné
42804;76;150;1;27;2023;1995;11;21;40;N;0;1;1;Non abonné
42813;66;330;1;11;2023;1984;6;11;40;O;0;1;0;Non abonné
42883;02;220;1;138;2023;1960;2;5;50;O;0;1;2;Non abonné
42906;13;002;1;33;2023;1987;6;28;12;O;0;1;1;Non abonné
42917;33;440;1;9;2023;1975;6;11;20;O;0;1;1;Non abonné
42983;38;610;3;117;2023;1950;1;1;70;STE;0;1;0;Non abonné
43032;26;790;1;112;2023;1967;7;18;40;O;0;1;1;Non abonné
43062;60;240;1;138;2023;1982;4;27;40;N;0;1;1;Non abonné
43117;69;009;1;51;2023;1988;12;4;62;N;0;1;1;Non abonné
43134;97;351;2;155;2023;1990;4;21;80;NC;0;1;1;Non abonné
43149;59;152;1;166;2023;1950;10;9;61;O;0;1;1;Non abonné
43151;91;000;3;117;2023;1950;5;1;70;STE;0;1;1;Non abonné
43163;83;600;1;30;2023;1995;8;5;40;N;0;1;1;Non abonné
43220;94;400;2;92;2023;1966;3;12;80;NC;0;2;1;Non abonné
43235;56;400;1;46;2023;1995;8;2;50;N;0;1;1;Non abonné
43324;91;140;1;159;2023;1990;2;6;20;O;0;1;1;Non abonné
43344;95;260;1;90;2023;1991;10;17;40;N;0;1;1;Non abonné
43386;30;900;2;36;2023;1992;7;23;40;NC;0;1;1;Non abonné
43401;34;970;1;11;2023;1988;8;28;40;NC;0;1;1;Non abonné
43405;56;920;2;46;2023;1969;8;4;62;N;0;1;1;Non abonné
43482;69;006;1;51;2023;1982;4;13;20;O;0;1;1;Non abonné
43509;31;400;1;68;2023;1962;12;2;20;O;0;1;1;Non abonné
43584;85;270;1;66;2023;1993;8;25;40;NC;0;1;1;Non abonné
43660;94;800;1;92;2023;1949;3;27;80;NC;0;1;1;Non abonné
43709;35;133;1;46;2023;1992;2;6;20;N;0;1;1;Non abonné
43775;95;800;1;90;2023;1975;1;2;80;NC;0;1;1;Non abonné
43785;45;770;1;122;2023;1991;9;6;80;NC;0;1;1;Non abonné
43876;29;280;1;46;2023;1992;11;6;40;O;0;1;1;Abonné
43913;06;110;1;17;2023;1995;1;10;40;N;0;2;1;Non abonné
44000;34;800;2;11;2023;1991;1;1;14;O;0;1;1;Non abonné
44014;67;100;1;23;2023;1990;4;17;40;N;0;1;1;Non abonné
44028;74;200;1;64;2023;1955;4;13;40;O;0;1;1;Non abonné
44057;42;360;1;13;2023;1997;6;22;62;N;0;1;1;Non abonné
44121;81;260;1;68;2023;1996;8;19;63;N;0;1;1;Non abonné
44204;95;330;1;90;2023;1988;2;3;40;N;0;1;2;Non abonné
44226;31;700;1;68;2023;1990;2;21;40;NC;0;1;1;Non abonné
44239;67;270;1;23;2023;1991;1;11;40;O;0;1;1;Non abonné
44389;34;400;1;11;2023;1982;4;2;80;N;0;1;1;Non abonné
44396;24;330;1;105;2023;1955;12;13;80;NC;0;1;1;Non abonné
44455;75;015;1;90;2023;1991;12;20;40;NC;0;1;1;Non abonné
44548;97;436;1;136;2023;1992;12;28;80;NC;0;1;1;Non abonné
44617;54;700;1;151;2023;1994;9;17;80;NC;0;1;1;Non abonné
44770;56;400;1;46;2023;1990;5;3;40;O;0;1;1;Non abonné
44823;78;000;1;90;2023;1966;9;7;40;N;0;1;1;Non abonné
44845;45;320;2;122;2023;1991;9;10;40;O;0;1;1;Non abonné
44942;80;470;1;138;2023;1965;7;30;40;O;0;1;0;Non abonné
44959;63;510;1;62;2023;1990;1;30;40;N;0;2;1;Non abonné
44979;98;890;1;157;2023;1974;11;11;80;NC;0;1;1;Non abonné
45014;06;100;1;41;2023;1995;2;12;62;N;0;1;1;Non abonné
45086;83;000;1;30;2023;1968;9;5;80;NC;0;1;1;Non abonné
45121;69;290;1;51;2023;1995;5;26;40;NC;0;1;1;Non abonné
45123;91;390;1;92;2023;1981;5;3;80;NC;0;2;1;Non abonné
45248;20;260;3;117;2023;1950;1;1;70;STE;0;1;1;Non abonné
45249;75;018;1;90;2023;1993;12;28;80;NC;0;1;1;Non abonné
45298;92;210;1;90;2023;1956;12;31;14;NC;0;1;1;Non abonné
45362;22;120;1;139;2023;1994;2;1;40;NC;0;1;1;Non abonné
45439;40;100;1;147;2023;1973;6;5;80;NC;0;2;1;Non abonné
45443;97;133;1;153;2023;1976;2;4;40;NC;0;1;1;Non abonné
45456;85;610;1;66;2023;1992;9;24;80;NC;0;1;2;Non abonné
45493;29;400;1;139;2023;1990;1;28;40;O;0;1;1;Non abonné
45521;97;220;1;154;2023;1992;8;14;40;O;0;1;2;Non abonné
45610;75;015;1;90;2023;1993;11;21;20;N;0;1;1;Non abonné
45791;74;160;1;64;2023;1992;4;21;40;O;0;1;1;Non abonné
45821;76;190;2;27;2023;1958;10;9;40;N;0;2;1;Non abonné
45934;43;590;1;13;2023;1995;10;4;50;O;0;1;1;Non abonné
46000;21;540;1;131;2023;1991;5;24;40;N;0;1;1;Non abonné
46008;65;150;1;147;2023;1985;8;23;40;NC;0;2;1;Non abonné
46040;64;100;1;104;2023;1949;2;27;61;O;0;2;1;Non abonné
46076;33;430;1;9;2023;1994;6;13;62;NC;0;1;1;Non abonné
46095;91;180;1;92;2023;1990;12;5;40;NC;0;1;1;Non abonné
46152;34;190;1;11;2023;1997;1;24;62;NC;0;1;1;Non abonné
46167;93;250;1;92;2023;1983;5;25;40;O;0;1;1;Non abonné
46197;95;190;1;90;2023;1981;7;17;80;NC;0;1;1;Non abonné
46213;13;005;2;33;2023;1984;9;4;40;O;0;1;1;Non abonné
46217;35;131;1;46;2023;1951;4;28;61;N;0;1;1;Non abonné
46231;75;008;2;90;2023;1958;8;2;40;O;0;1;1;Non abonné
46273;04;230;1;107;2023;1991;12;6;40;NC;0;1;1;Non abonné
46298;30;126;1;36;2023;1986;2;2;20;NC;0;0;1;Non abonné
46390;64;420;1;104;2024;1994;1;5;50;NC;0;1;1;Non abonné
46409;06;800;1;41;2024;1960;10;8;80;O;0;0;1;Non abonné
46416;88;500;1;23;2024;1996;9;9;40;NC;0;1;1;Non abonné
46521;62;300;1;166;2024;1991;2;26;40;NC;0;1;1;Non abonné
46548;75;012;3;117;2024;1950;1;1;70;STE;0;1;1;Non abonné
46557;31;400;1;68;2024;1986;11;6;40;N;0;1;1;Non abonné
46583;30;129;1;36;2024;1975;3;5;50;O;0;1;1;Non abonné
46609;31;560;1;68;2024;1980;6;13;40;N;0;1;1;Non abonné
46612;33;127;1;9;2024;1963;5;15;80;O;0;1;1;Non abonné
46617;13;960;1;33;2024;1948;5;18;61;NC;0;1;1;Non abonné
46775;56;630;1;46;2024;1996;6;26;40;N;0;1;1;Non abonné
46834;30;000;1;36;2024;1992;7;26;50;O;0;1;1;Non abonné
46891;06;300;2;41;2024;1965;1;1;40;NC;0;2;1;Non abonné
46901;94;300;1;92;2024;1975;10;17;40;NC;0;1;1;Non abonné
46917;56;250;1;46;2024;1987;5;24;20;NC;0;1;1;Non abonné
46972;64;300;1;104;2024;1994;1;8;50;NC;0;1;1;Non abonné
47082;13;009;1;33;2024;1966;5;11;40;N;0;2;1;Non abonné
47091;70;500;2;131;2024;1989;7;31;40;NC;0;1;1;Non abonné
47179;63;120;1;62;2024;1997;1;1;80;O;0;2;0;Non abonné
47292;06;110;1;17;2024;1993;5;2;20;NC;0;1;0;Non abonné
47378;40;260;1;147;2024;1983;8;26;40;N;0;1;1;Non abonné
47715;44;220;1;66;2024;1994;12;25;62;N;0;1;1;Non abonné
47788;75;017;3;117;2024;1950;1;1;70;STE;0;1;0;Non abonné
47795;30;000;1;36;2024;1995;3;10;20;N;0;1;1;Non abonné
47881;56;550;1;46;2024;1992;3;19;40;N;0;1;1;Non abonné
47904;34;390;1;11;2024;1975;4;16;30;NC;0;1;1;Non abonné
47918;39;230;1;131;2024;1973;2;7;12;NC;0;2;1;Non abonné
47936;49;450;1;66;2024;1972;2;8;40;O;0;1;1;Non abonné
48008;33;360;1;9;2024;1976;6;20;40;O;0;1;1;Non abonné
48027;57;400;1;23;2024;1983;5;29;40;O;0;1;1;Non abonné
48029;42;100;1;13;2024;1984;3;16;40;O;0;1;0;Non abonné
48038;80;800;1;138;2024;1951;3;7;40;O;0;1;1;Non abonné
48144;13;008;1;33;2024;1994;12;31;50;N;0;1;1;Non abonné
48164;71;480;1;51;2024;1964;11;28;40;O;0;1;1;Non abonné
48255;06;200;1;41;2024;1966;2;23;40;O;0;1;1;Non abonné
48313;83;300;1;30;2024;1988;3;25;40;N;0;1;1;Non abonné
48329;16;260;1;9;2024;1989;5;10;40;O;0;1;1;Non abonné
48343;21;240;1;131;2024;1964;8;10;20;N;0;2;1;Non abonné
48389;69;002;1;51;2024;1962;9;25;13;NC;0;1;1;Non abonné
48519;13;530;1;107;2024;1997;3;19;62;O;0;1;1;Non abonné
48582;47;190;1;118;2024;1953;7;30;12;NC;0;0;1;Non abonné
48672;80;800;2;138;2024;1993;4;8;40;O;0;1;1;Non abonné
48733;37;000;1;84;2024;1987;3;19;40;N;0;1;1;Non abonné
48740;14;920;1;111;2024;1993;7;12;50;N;0;1;1;Non abonné
48753;89;360;1;122;2024;1992;3;30;80;NC;0;1;1;Non abonné
48777;31;220;1;68;2024;1991;12;24;14;N;0;1;0;Non abonné
48872;01;480;1;53;2024;1993;10;31;80;NC;0;1;1;Non abonné
48881;34;070;1;11;2024;1991;7;4;40;NC;0;1;0;Non abonné
48917;94;000;1;92;2024;1980;8;29;40;N;0;1;1;Non abonné
48922;75;010;1;90;2024;1993;6;9;20;NC;0;1;1;Non abonné
48983;94;260;1;92;2024;1993;11;24;80;NC;0;1;1;Non abonné
48991;14;270;1;111;2024;1986;7;25;40;O;0;1;1;Non abonné
48999;34;000;1;11;2024;1953;7;14;61;N;0;1;1;Non abonné
49014;35;120;1;46;2024;1952;9;2;61;NC;0;1;1;Non abonné
49057;80;440;1;138;2024;1984;8;9;40;N;0;1;0;Non abonné
49087;53;190;1;46;2024;1986;4;23;80;NC;0;1;1;Non abonné
49109;31;120;1;68;2024;1991;12;7;20;O;0;1;0;Non abonné
49118;20;117;1;33;2024;1953;4;30;12;O;0;1;1;Non abonné
49149;23;100;1;105;2024;1986;2;5;50;O;0;1;2;Non abonné
49192;20;113;1;33;2024;1991;1;12;40;O;0;1;1;Non abonné
49226;42;600;1;13;2024;1977;5;9;12;O;0;1;1;Non abonné
49405;13;400;1;33;2024;1990;4;6;40;N;0;1;1;Non abonné
49468;92;150;1;159;2024;1997;12;27;62;NC;0;1;1;Non abonné
49479;84;460;1;107;2024;1959;12;29;80;O;0;1;1;Non abonné
49508;44;400;1;66;2024;1962;2;22;63;N;0;1;1;Non abonné
49529;42;155;1;13;2024;1992;7;29;50;NC;0;1;1;Non abonné
49537;13;220;1;33;2024;1991;7;31;40;O;0;1;1;Non abonné
49621;12;100;1;11;2024;1995;6;24;40;NC;0;1;1;Non abonné
49655;92;800;3;117;2024;1975;7;21;70;STE;0;1;1;Non abonné
49708;01;200;1;64;2024;1986;2;6;40;O;0;1;1;Non abonné
49802;42;100;1;13;2024;1991;7;5;40;N;0;1;1;Non abonné
49822;38;190;1;39;2024;1959;1;1;40;O;0;1;2;Non abonné
49846;92;310;1;90;2024;1985;2;20;80;NC;0;1;1;Non abonné
49930;34;000;1;11;2024;1984;10;6;40;O;0;1;1;Non abonné
49968;57;590;2;103;2024;1996;2;1;62;NC;0;1;1;Non abonné
49979;25;000;1;131;2024;1982;9;12;80;N;0;2;0;Non abonné
50031;50;620;1;111;2024;1994;4;11;80;NC;0;1;1;Non abonné
50050;38;270;1;39;2024;1990;7;23;40;O;0;1;1;Non abonné
50057;60;740;1;138;2024;1988;4;8;50;NC;0;1;1;Non abonné
50059;33;510;1;9;2024;1967;10;1;12;O;0;1;1;Non abonné
50071;13;010;1;33;2024;1974;5;5;80;NC;0;1;1;Non abonné
50153;34;070;1;11;2024;1994;10;30;62;N;0;1;1;Non abonné
50159;59;247;1;166;2024;1991;12;11;40;O;0;1;1;Non abonné
50190;06;140;1;41;2024;1966;9;14;13;O;0;1;0;Non abonné
50313;64;100;1;104;2024;1974;3;30;63;O;0;1;1;Non abonné
50454;74;210;1;64;2024;1987;3;29;30;O;0;1;0;Non abonné
50522;07;800;1;112;2024;1964;3;25;40;O;0;1;0;Non abonné
50564;95;430;1;90;2024;1979;3;21;40;O;0;1;1;Abonné
50581;45;300;1;122;2024;1980;1;7;40;NC;0;1;1;Non abonné
50691;73;190;1;64;2024;1991;7;2;40;N;0;1;0;Non abonné
50693;78;400;1;90;2024;1994;11;23;40;NC;0;1;1;Non abonné
50733;80;910;1;138;2024;1973;10;29;20;O;0;1;1;Non abonné
50833;17;610;1;117;2024;1981;10;30;80;NC;0;1;1;Non abonné
50970;83;560;1;30;2024;1992;1;31;63;N;0;1;1;Non abonné
50994;27;430;2;27;2024;1993;9;2;30;O;0;1;1;Non abonné
51002;33;270;1;9;2024;1960;3;18;30;NC;0;1;0;Non abonné
51037;69;290;1;51;2024;1995;4;9;40;O;0;1;1;Non abonné
51108;69;610;2;51;2024;1996;7;10;80;NC;0;1;1;Non abonné
51273;33;320;1;9;2024;1988;3;12;20;O;0;1;0;Non abonné
51286;91;000;1;92;2024;1988;10;12;40;NC;0;1;0;Non abonné
51305;33;210;1;9;2024;1993;7;27;63;NC;0;1;1;Non abonné
51314;92;110;1;90;2024;1984;9;14;20;O;0;1;0;Non abonné
51334;21;460;2;131;2024;1989;6;16;30;N;0;1;1;Non abonné
51355;97;354;1;155;2024;1969;6;24;50;NC;0;1;1;Non abonné
51420;64;110;1;104;2024;1979;8;10;30;O;0;1;1;Non abonné
51429;15;130;1;62;2024;1996;10;30;62;N;0;1;1;Non abonné
51470;69;007;1;51;2024;1990;10;13;20;N;0;1;1;Non abonné
51476;81;260;1;68;2024;1994;12;7;40;N;0;2;0;Non abonné
51509;34;440;1;11;2024;1992;6;11;40;O;0;1;1;Non abonné
51520;62;290;1;166;2024;1985;8;5;40;N;0;1;1;Non abonné
51556;74;890;1;64;2024;1982;3;16;40;NC;0;1;1;Non abonné
51627;69;870;1;53;2024;1993;1;6;50;N;0;1;1;Non abonné
51734;42;610;2;13;2024;1996;3;16;80;N;0;1;1;Non abonné
51758;49;460;1;66;2024;1964;6;5;80;NC;0;2;1;Non abonné
51771;70;700;1;131;2024;1986;6;3;20;NC;0;1;1;Non abonné
51796;21;300;1;131;2024;1988;8;31;40;O;0;1;0;Non abonné
51813;38;380;1;39;2024;1996;2;27;62;NC;0;1;1;Non abonné
51947;66;210;1;11;2024;1962;10;23;80;O;0;1;1;Abonné
51966;65;360;1;147;2024;1969;5;12;50;O;0;1;1;Non abonné
51972;49;270;1;66;2024;1993;3;2;40;N;0;1;1;Non abonné
52043;27;180;1;27;2024;1999;4;4;40;N;0;1;1;Non abonné
52058;03;380;1;62;2024;1983;5;4;50;NC;0;1;1;Non abonné
52103;01;150;2;51;2024;1989;9;16;40;O;0;1;1;Non abonné
52107;69;004;1;51;2024;1990;12;31;80;NC;0;2;0;Non abonné
52133;29;590;1;139;2024;1988;11;10;40;O;0;1;1;Non abonné
52200;76;000;1;27;2024;1962;6;23;40;O;0;1;1;Non abonné
52207;74;350;1;64;2024;1996;4;12;40;O;0;1;1;Non abonné
52225;78;660;1;92;2024;1996;12;20;62;N;0;1;0;Non abonné
52261;35;300;1;46;2024;1993;7;23;40;O;0;1;1;Non abonné
52266;71;370;1;51;2024;1959;8;1;13;NC;0;1;1;Non abonné
52307;86;450;2;113;2024;1980;4;20;20;N;0;1;1;Non abonné
52343;40;390;1;147;2024;1980;8;19;40;O;0;1;1;Non abonné
52351;59;800;1;166;2024;1994;1;3;80;NC;0;1;1;Non abonné
52481;93;130;1;92;2024;1980;7;23;40;NC;0;1;1;Non abonné
52538;50;000;1;111;2024;1987;4;11;20;N;0;1;1;Non abonné
52571;69;007;1;51;2024;1997;4;3;80;NC;0;1;1;Non abonné
52578;26;250;1;112;2024;1991;9;18;40;NC;0;1;1;Non abonné
52603;45;000;3;117;2024;1950;1;1;70;STE;0;1;0;Non abonné
52652;97;310;1;155;2024;1970;6;26;80;NC;0;0;1;Non abonné
52655;38;112;2;39;2024;1987;6;29;14;N;0;1;1;Non abonné
52657;33;130;1;9;2024;1974;6;24;12;O;0;1;1;Non abonné
52678;38;960;1;39;2024;1989;11;6;40;O;0;1;1;Non abonné
52698;75;013;1;92;2024;1979;6;25;40;N;0;1;0;Non abonné
52799;87;600;1;105;2024;1960;3;24;80;NC;0;0;0;Non abonné
52805;13;016;1;33;2024;1994;5;10;62;N;0;1;1;Abonné
52858;13;009;1;33;2024;1990;7;27;20;N;0;1;1;Non abonné
52866;29;400;1;139;2024;1995;12;7;40;N;0;1;0;Non abonné
52869;55;200;1;103;2024;1991;4;5;40;O;0;1;1;Non abonné
52943;92;800;3;117;2024;1950;1;1;70;STE;0;1;1;Non abonné
52971;74;150;1;64;2024;1971;3;20;12;O;0;1;1;Non abonné
53005;95;100;1;90;2024;1987;1;8;20;NC;0;1;1;Non abonné
53017;13;008;1;33;2024;1974;5;2;40;O;0;1;1;Non abonné
53041;45;800;1;122;2024;1995;8;1;40;N;0;1;1;Non abonné
53089;92;800;3;117;2024;1950;1;1;70;STE;0;1;1;Non abonné
53097;93;160;1;92;2024;1989;5;9;80;NC;0;1;1;Non abonné
53177;60;700;1;138;2024;1998;11;18;40;O;0;1;1;Non abonné
53184;37;150;1;84;2024;1960;12;2;40;NC;0;1;1;Non abonné
53196;47;000;1;118;2024;1987;6;14;40;O;0;1;1;Non abonné
53332;66;440;1;11;2024;1959;2;23;40;NC;0;1;1;Non abonné
53343;41;800;1;84;2024;1962;4;25;50;O;0;0;1;Non abonné
53353;48;000;1;36;2024;1992;7;8;40;NC;0;1;1;Non abonné
53521;49;330;1;66;2024;1986;10;19;40;O;0;1;1;Non abonné
53564;91;210;1;92;2024;1948;6;20;61;N;0;1;1;Non abonné
53566;33;300;1;9;2024;1983;7;4;40;N;0;1;0;Non abonné
53645;36;200;1;113;2024;1994;12;5;50;N;0;1;0;Non abonné
53657;21;800;1;131;2024;1994;3;22;40;N;0;1;1;Non abonné
53818;75;016;1;92;2024;1972;6;20;80;NC;0;1;1;Non abonné
53996;01;420;2;64;2024;1971;2;3;40;O;0;1;1;Non abonné
54029;28;260;1;122;2024;1963;6;17;40;O;0;2;0;Non abonné
54102;67;160;1;23;2024;1992;2;14;50;N;0;1;1;Non abonné
54200;76;120;1;27;2024;1996;3;10;50;N;0;2;1;Non abonné
54207;82;150;1;68;2024;1997;2;15;80;NC;0;1;1;Non abonné
54210;76;520;1;27;2024;1991;12;25;50;NC;0;1;0;Non abonné
54211;74;700;1;64;2024;1990;1;5;40;O;0;1;1;Non abonné
54308;18;600;1;122;2024;1968;2;18;40;N;0;1;2;Non abonné
54333;76;630;1;27;2024;1996;7;1;80;N;0;1;0;Non abonné
54380;92;320;1;92;2024;1978;5;22;20;O;0;1;1;Non abonné
54385;27;380;1;27;2024;1984;8;24;50;O;0;1;1;Non abonné
54390;13;100;1;107;2024;1978;1;20;20;O;0;1;1;Non abonné
54422;03;500;1;62;2024;1993;3;23;40;O;0;1;1;Non abonné
54468;63;270;2;62;2024;1997;5;15;40;N;0;1;1;Non abonné
54490;03;210;1;62;2024;1991;1;30;40;NC;0;1;2;Non abonné
54504;31;260;1;68;2024;1968;3;9;80;NC;0;1;1;Non abonné
54515;77;100;1;92;2024;1974;5;4;12;NC;0;2;0;Non abonné
54539;06;300;1;41;2024;1997;3;11;50;NC;0;2;0;Non abonné
54558;72;100;1;84;2024;1996;7;31;50;N;0;1;1;Non abonné
54608;85;220;2;66;2024;1992;11;6;40;N;0;1;1;Non abonné
54656;25;300;1;131;2024;1991;5;25;80;NC;0;1;1;Non abonné
54671;38;000;2;39;2024;1988;12;10;40;O;0;1;2;Non abonné
54715;83;910;1;30;2024;1994;9;18;40;N;0;1;1;Non abonné
54731;13;190;1;33;2024;1994;5;15;40;NC;0;1;1;Non abonné
54843;85;590;1;66;2024;1992;8;30;50;N;0;1;1;Non abonné
54848;13;190;1;33;2024;1996;12;16;62;NC;0;1;1;Non abonné
54888;68;790;2;23;2024;1992;2;19;40;NC;0;1;2;Non abonné
54929;06;530;1;17;2024;1973;2;9;50;NC;0;1;1;Non abonné
54938;35;400;1;46;2024;1997;2;1;62;N;0;1;1;Non abonné
54961;08;310;1;103;2024;1993;3;20;80;NC;0;1;1;Non abonné
54988;30;260;1;36;2024;1985;12;28;40;O;0;1;0;Non abonné
54992;91;300;1;92;2024;1990;5;31;40;N;0;1;1;Non abonné
55020;76;440;1;27;2024;1987;4;1;50;O;0;1;1;Non abonné
55025;95;500;1;90;2024;1986;9;1;80;O;0;1;1;Non abonné
55132;81;210;1;68;2024;1993;7;16;40;N;0;1;1;Non abonné
55143;42;420;1;13;2024;1979;2;19;50;N;0;1;0;Non abonné
55208;59;320;1;166;2024;1991;6;7;40;NC;0;1;1;Non abonné
55310;84;160;1;107;2024;1964;12;28;40;O;0;1;1;Non abonné
55362;75;020;1;92;2024;1978;3;25;80;NC;0;1;0;Non abonné
55451;40;250;1;147;2024;1992;9;15;40;NC;0;1;1;Non abonné
55503;91;220;1;92;2024;1987;1;26;40;N;0;1;1;Abonné
55508;44;100;1;66;2024;1964;1;23;20;O;0;1;1;Non abonné
55546;31;770;1;68;2024;1990;8;17;12;N;0;1;1;Non abonné
55615;13;010;1;33;2024;1994;8;3;40;NC;0;1;1;Non abonné
55624;98;800;1;157;2024;1974;6;3;80;NC;0;2;1;Non abonné
55653;52;410;1;131;2024;1982;7;10;20;NC;0;1;1;Non abonné
55655;24;800;1;105;2024;1992;5;17;50;O;0;0;0;Non abonné
55693;73;800;1;64;2024;1994;1;8;40;NC;0;1;1;Non abonné
55707;76;600;1;27;2024;1988;5;15;50;N;0;1;1;Non abonné
55852;28;410;1;122;2024;1997;2;24;40;NC;0;1;0;Non abonné
55909;13;180;1;33;2024;1991;8;9;30;N;0;2;0;Non abonné
55947;69;290;2;51;2024;1992;1;16;40;NC;0;1;1;Non abonné
55958;17;160;1;9;2024;1996;5;3;62;NC;0;1;1;Non abonné
56044;75;018;1;90;2024;1981;12;10;14;O;0;1;1;Non abonné
56120;69;190;1;51;2024;1969;5;22;12;N;0;1;1;Non abonné
56143;74;150;2;64;2024;1992;11;1;63;N;0;1;1;Non abonné
56148;20;200;1;41;2024;1989;3;13;14;N;0;1;1;Non abonné
56201;64;320;1;104;2024;1987;3;1;80;O;0;1;0;Abonné
56232;44;450;1;111;2024;1995;9;27;40;NC;0;1;0;Non abonné
56268;97;200;1;154;2024;1964;4;19;40;O;0;1;1;Non abonné
56280;64;300;1;104;2024;1988;6;19;50;O;0;1;1;Non abonné
56295;63;340;1;62;2024;1971;12;8;80;O;0;1;1;Non abonné
56360;97;410;3;117;2024;1950;1;1;70;STE;0;1;1;Non abonné
56430;24;590;1;105;2024;1980;12;12;40;N;0;1;1;Non abonné
56432;21;110;1;131;2024;1961;10;15;40;NC;0;1;1;Non abonné
56486;47;430;1;118;2024;1992;10;8;14;NC;0;1;2;Non abonné
56507;97;116;1;153;2024;1974;5;25;80;NC;0;2;1;Non abonné
56508;33;210;1;9;2024;1994;2;17;50;NC;0;1;1;Non abonné
56538;12;520;1;11;2024;1972;4;6;12;NC;0;1;1;Non abonné
56547;73;360;1;64;2024;1993;7;24;63;O;0;1;1;Non abonné
56585;33;770;1;9;2024;1975;2;16;80;N;0;1;1;Non abonné
56609;33;140;1;9;2024;1973;12;1;12;O;0;1;1;Non abonné
56630;92;380;1;159;2024;1986;5;5;80;N;0;1;1;Non abonné
56660;78;560;1;90;2024;1985;10;28;40;NC;0;1;1;Non abonné
56677;20;620;1;41;2024;1998;4;24;62;NC;0;1;1;Non abonné
56692;63;500;1;62;2024;1994;7;10;50;NC;0;1;1;Non abonné
56696;33;000;1;9;2024;1991;11;1;30;N;0;1;1;Non abonné
56699;80;670;1;138;2024;1994;5;30;40;NC;0;1;1;Non abonné
56718;44;170;1;46;2024;1991;12;27;62;N;0;1;0;Non abonné
56902;75;017;1;90;2024;1973;10;10;40;NC;0;1;1;Non abonné
56960;21;220;1;131;2024;1996;6;26;40;NC;0;1;1;Non abonné
56992;30;320;1;36;2024;1971;8;5;40;N;0;1;1;Non abonné
56998;74;380;2;64;2024;1993;1;17;40;NC;0;1;1;Non abonné
57116;21;700;1;131;2024;1953;5;3;61;O;0;2;0;Non abonné
57119;92;700;3;117;2024;1950;5;1;70;STE;0;1;0;Non abonné
57159;63;100;1;62;2024;1954;3;3;61;O;0;1;1;Non abonné
57161;13;007;1;33;2024;1969;5;28;40;NC;0;1;2;Non abonné
57224;84;700;1;107;2024;1945;9;22;61;N;0;1;2;Non abonné
57254;75;017;1;92;2024;1980;7;29;40;N;0;1;1;Non abonné
57364;77;220;1;92;2024;1953;10;1;12;NC;0;2;0;Non abonné
57441;74;000;1;64;2024;1957;7;16;14;N;0;1;1;Non abonné
57450;21;000;1;131;2024;1992;8;9;40;N;0;1;1;Abonné
57502;44;710;1;66;2024;1994;4;9;40;NC;0;1;1;Non abonné
57559;20;600;1;41;2024;1987;6;23;40;N;0;1;1;Non abonné
57573;06;400;3;117;2024;1950;1;1;70;STE;0;1;1;Non abonné
57611;24;120;1;105;2024;1972;8;1;50;NC;0;1;1;Non abonné
57619;86;800;1;113;2024;1978;3;27;12;O;0;1;1;Non abonné
57621;50;200;1;111;2024;1995;9;24;40;NC;0;1;0;Non abonné
57625;42;360;1;13;2024;1972;7;30;40;O;0;1;1;Non abonné
57686;46;300;1;118;2024;1971;12;23;40;O;0;1;1;Non abonné
57772;01;800;1;51;2024;1986;9;4;40;NC;0;1;1;Non abonné
57778;62;270;1;166;2024;1992;10;10;40;NC;0;1;1;Non abonné
57878;27;370;1;27;2024;1976;1;3;20;O;0;1;1;Non abonné
57920;33;440;1;9;2024;1970;7;7;40;O;0;1;1;Non abonné
57936;68;130;1;23;2024;1994;8;27;40;NC;0;1;1;Non abonné
57974;21;160;1;131;2024;1982;8;28;40;O;0;1;1;Non abonné
58213;42;320;2;13;2024;1994;6;9;40;NC;0;1;1;Non abonné
58226;22;120;1;139;2024;1967;2;28;40;O;0;0;1;Non abonné
58283;24;560;1;105;2024;1984;10;21;12;NC;0;1;1;Non abonné
58395;84;100;1;107;2024;1995;8;8;40;N;0;1;2;Non abonné
58480;34;070;1;11;2024;1965;1;10;80;NC;0;1;0;Non abonné
58513;45;550;1;122;2024;1996;4;24;40;NC;0;1;1;Non abonné
58542;06;330;1;17;2024;1992;4;16;40;O;0;1;1;Non abonné
58560;54;400;1;103;2024;1994;5;21;40;O;0;2;1;Non abonné
58578;13;170;1;33;2024;1967;11;26;30;O;0;1;1;Non abonné
58676;63;100;1;62;2024;1982;4;14;40;O;0;1;1;Non abonné
58700;38;690;1;39;2024;1970;8;19;40;O;0;1;1;Non abonné
58708;37;500;2;84;2024;1992;8;12;40;N;0;1;1;Non abonné
58746;65;100;1;147;2024;1972;8;8;50;O;0;1;1;Non abonné
58815;33;210;1;9;2024;1968;5;18;80;NC;0;2;0;Non abonné
58824;87;800;1;105;2024;1993;5;25;40;NC;0;1;0;Abonné
58883;26;220;1;112;2024;1958;6;7;61;N;0;1;1;Non abonné
59098;06;200;1;41;2024;1962;3;28;40;O;0;1;1;Non abonné
59106;13;320;1;107;2024;1969;10;22;20;O;0;1;1;Non abonné
59163;44;170;1;66;2024;1996;4;2;40;NC;0;1;1;Non abonné
59164;31;600;1;68;2024;1981;7;2;20;NC;0;1;1;Non abonné
59238;81;370;1;68;2024;1990;7;28;40;O;0;1;1;Non abonné
59244;13;015;1;33;2024;1988;5;12;12;N;0;1;1;Non abonné
59268;94;516;3;117;2024;1950;1;1;70;STE;0;1;1;Non abonné
59287;35;230;1;46;2024;1997;5;24;62;NC;0;1;1;Non abonné
59313;51;350;1;151;2024;1975;11;6;40;NC;0;1;1;Abonné
59314;84;370;1;107;2024;1994;8;1;80;NC;0;2;0;Non abonné
59361;13;850;1;107;2024;1973;5;19;20;O;0;1;0;Non abonné
59362;34;230;1;11;2024;1978;10;2;40;NC;0;1;1;Non abonné
59383;48;170;1;36;2024;1992;10;26;40;N;0;1;1;Non abonné
59449;72;000;1;84;2024;1987;5;29;40;NC;0;1;1;Non abonné
59461;93;100;2;92;2024;1970;6;1;40;O;0;1;1;Non abonné
59470;64;100;1;104;2024;1961;2;1;40;NC;0;1;1;Non abonné
59549;14;120;1;111;2024;1964;10;6;40;O;0;1;1;Non abonné
59684;80;000;1;138;2024;1988;9;2;40;N;0;1;1;Non abonné
59748;44;000;1;66;2024;1996;6;27;62;NC;0;1;1;Non abonné
59779;21;000;1;131;2024;1988;7;19;40;N;0;1;0;Non abonné
59822;68;920;1;23;2024;1991;11;13;40;N;0;1;1;Non abonné
59844;50;690;1;111;2024;1996;1;12;63;N;0;1;1;Non abonné
59915;69;001;2;51;2024;1981;6;13;40;NC;0;1;1;Non abonné
60013;56;610;1;46;2024;1974;9;6;40;O;0;1;0;Abonné
60027;16;220;1;9;2024;1981;5;26;40;NC;0;1;0;Non abonné
60062;42;530;1;13;2024;1993;11;5;50;NC;0;1;1;Non abonné
60120;64;220;2;104;2024;1970;8;13;80;NC;0;1;0;Non abonné
60183;89;700;1;122;2024;1983;7;5;80;NC;0;1;1;Non abonné
60269;73;340;1;64;2024;1978;8;4;40;O;0;1;1;Non abonné
60304;64;170;1;104;2024;1992;6;6;40;NC;0;1;0;Non abonné
60311;22;970;1;139;2024;1959;10;29;61;O;0;1;1;Non abonné
60336;62;223;1;166;2024;1963;7;20;40;O;0;1;1;Non abonné
60367;25;230;1;131;2024;1993;11;10;40;NC;0;1;1;Non abonné
60384;34;070;1;11;2024;1987;8;19;40;N;0;1;1;Non abonné
60409;69;001;1;51;2024;1973;5;30;13;O;0;1;2;Non abonné
60428;64;600;1;104;2024;1992;7;17;40;N;0;1;1;Non abonné
60432;71;380;1;51;2024;1992;4;10;40;N;0;1;1;Non abonné
60464;30;210;1;36;2024;1959;1;30;80;O;0;1;1;Non abonné
60468;69;007;1;51;2024;1982;10;20;20;NC;0;1;1;Non abonné
60479;51;100;1;151;2024;1987;9;13;30;O;0;1;1;Abonné
60568;89;380;1;122;2024;1995;8;27;30;O;0;1;1;Non abonné
60608;82;710;1;68;2024;1967;10;22;11;O;0;1;1;Non abonné
60610;22;200;1;139;2024;1996;11;18;40;N;0;1;1;Non abonné
60720;59;820;1;166;2024;1972;11;14;50;NC;0;1;1;Non abonné
60723;50;510;1;111;2024;1978;1;12;12;O;0;1;1;Non abonné
60735;43;100;1;62;2024;1961;9;12;40;O;0;1;1;Non abonné
60879;06;560;1;17;2024;1992;4;7;12;N;0;1;1;Non abonné
60905;38;470;1;39;2024;1994;6;13;80;N;0;1;0;Non abonné
60908;95;280;1;90;2024;1986;8;17;40;O;0;1;1;Non abonné
60968;44;150;2;66;2024;1996;5;29;40;N;0;1;1;Non abonné
61071;63;200;1;62;2024;1993;1;15;50;N;0;1;1;Non abonné
61078;16;000;1;9;2024;1962;5;9;80;O;0;1;1;Non abonné
61079;77;780;1;92;2024;1994;1;9;40;O;0;1;1;Non abonné
61085;75;016;2;90;2024;1994;11;8;40;NC;0;1;0;Non abonné
61115;02;100;1;138;2024;1992;9;4;20;NC;0;1;1;Non abonné
61268;34;380;1;11;2024;1981;4;30;40;O;0;1;2;Non abonné
61308;69;360;1;51;2024;1967;10;12;62;N;0;1;1;Non abonné
61356;64;800;2;104;2024;1974;11;13;80;NC;0;1;1;Non abonné
61530;13;006;1;33;2024;1974;12;10;30;N;0;1;1;Non abonné
61539;09;800;1;68;2024;1958;4;5;12;N;0;2;0;Non abonné
61542;95;330;1;90;2024;1972;10;22;80;NC;0;0;1;Non abonné
61578;67;400;1;23;2024;1982;1;30;40;NC;0;2;0;Non abonné
61651;06;140;1;41;2024;1991;12;21;12;N;0;1;1;Non abonné
61729;18;220;1;122;2024;1992;6;7;40;O;0;1;1;Non abonné
61763;34;090;1;11;2024;1980;1;24;40;NC;0;1;1;Non abonné
61772;76;150;1;27;2024;1998;1;21;40;N;0;1;1;Non abonné
61778;30;360;2;36;2024;1995;5;15;40;N;0;1;1;Non abonné
61814;33;210;1;9;2024;1993;7;27;63;NC;0;1;0;Non abonné
61871;15;250;1;62;2024;1994;1;8;50;NC;0;1;0;Non abonné
61947;57;700;1;103;2024;1991;5;12;80;N;0;2;0;Non abonné
61956;80;131;1;138;2024;1995;10;25;40;N;0;1;0;Non abonné
62037;92;140;1;90;2024;1954;5;11;20;N;0;1;0;Non abonné
62048;92;800;2;159;2024;1989;12;22;40;N;0;1;0;Non abonné
62070;30;380;1;36;2024;1969;10;29;40;O;0;1;1;Non abonné
62076;20;290;1;41;2024;1986;6;29;80;NC;0;1;2;Non abonné
62083;80;136;1;138;2024;1962;12;4;40;O;0;1;0;Non abonné
62086;32;330;1;68;2024;1966;3;8;80;O;0;1;1;Non abonné
62101;19;200;1;105;2024;1967;2;23;13;NC;0;2;1;Non abonné
62136;74;330;2;64;2024;1993;2;14;40;O;0;1;1;Non abonné
62264;57;600;1;103;2024;1995;12;18;50;N;0;1;1;Non abonné
62277;75;011;1;92;2024;1986;6;2;40;O;0;1;1;Non abonné
62302;77;163;1;92;2024;1978;9;4;30;O;0;1;1;Non abonné
62321;09;000;1;68;2024;1993;7;27;50;N;0;1;1;Non abonné
62423;17;770;1;9;2024;1995;10;27;50;NC;0;1;1;Non abonné
62451;63;970;1;62;2024;1972;12;17;40;NC;0;2;1;Non abonné
62473;17;200;1;9;2024;1990;8;16;62;NC;0;1;1;Non abonné
62524;23;600;1;105;2024;1987;8;30;80;NC;0;2;0;Non abonné
62588;16;330;1;9;2024;1973;8;3;80;NC;0;2;0;Non abonné
62605;43;000;1;13;2024;1985;10;3;80;N;0;2;0;Non abonné
62615;76;480;1;27;2024;1993;7;11;40;N;0;1;1;Non abonné
62652;93;120;1;92;2024;1991;2;19;40;N;0;1;2;Non abonné
62736;38;220;1;39;2024;1963;11;20;12;O;0;1;1;Non abonné
62740;97;180;1;153;2024;1974;9;24;63;NC;0;1;1;Non abonné
62759;44;200;1;66;2024;1991;9;25;40;N;0;1;1;Non abonné
62768;16;110;1;9;2024;1982;8;29;62;NC;0;1;1;Non abonné
62777;20;222;1;41;2024;1984;3;13;30;O;0;1;1;Non abonné
62829;13;007;1;33;2024;1994;3;2;62;NC;0;1;1;Non abonné
62895;44;150;1;66;2024;1986;7;26;40;N;0;1;1;Non abonné
62896;85;220;2;66;2024;1990;8;13;50;N;0;1;1;Non abonné
62983;33;390;1;9;2024;1995;12;13;50;N;0;1;1;Non abonné
63047;30;870;1;36;2024;1996;7;18;62;N;0;1;1;Non abonné
63079;75;008;1;90;2024;1955;11;26;80;NC;0;1;1;Non abonné
63091;31;130;1;68;2024;1987;9;9;40;O;0;1;1;Non abonné
63092;94;120;3;117;2024;1950;1;1;70;STE;0;2;0;Non abonné
63115;38;410;1;39;2024;1965;9;4;13;NC;0;1;0;Non abonné
63173;15;100;1;62;2024;1989;6;23;20;O;0;1;0;Non abonné
63342;62;530;1;166;2024;1988;12;9;50;NC;0;2;0;Abonné
63390;83;000;1;30;2024;1972;7;18;80;NC;0;0;1;Non abonné
63478;92;100;1;92;2024;1970;2;21;12;O;0;0;1;Non abonné
63548;68;125;1;23;2024;1990;11;5;80;NC;0;0;0;Non abonné
63586;76;890;1;27;2024;1980;12;31;40;O;0;1;1;Non abonné
63600;64;200;1;104;2024;1996;10;20;62;N;0;1;1;Non abonné
63632;80;130;1;138;2024;1993;5;19;63;NC;0;1;1;Non abonné
63658;41;220;1;84;2024;1986;4;12;80;NC;0;1;0;Non abonné
63672;57;525;1;103;2024;1988;8;18;50;NC;0;2;0;Non abonné
63783;77;310;1;92;2024;1993;8;18;40;N;0;1;1;Non abonné
63835;40;510;1;147;2024;1974;2;18;12;NC;0;0;0;Non abonné
63926;78;510;1;90;2024;1970;5;19;80;O;0;1;1;Non abonné
63965;47;190;1;118;2024;1987;8;13;40;NC;0;1;1;Non abonné
63974;97;615;2;136;2024;1976;9;20;40;O;0;1;1;Non abonné
63979;64;370;1;104;2024;1974;12;7;80;NC;0;1;1;Non abonné
63993;13;590;1;107;2024;1987;4;12;40;N;0;1;0;Non abonné
64050;13;710;1;107;2024;1995;8;2;40;NC;0;1;0;Non abonné
64083;06;340;1;41;2024;1998;6;20;62;NC;0;1;1;Non abonné
64098;13;009;1;33;2024;1993;4;22;63;NC;0;1;1;Non abonné
64148;97;418;1;136;2024;1993;1;6;40;NC;0;1;1;Non abonné
64154;97;490;1;136;2024;1988;11;16;40;NC;0;1;1;Non abonné
64248;74;150;1;64;2024;1961;2;26;40;O;0;1;1;Non abonné
64255;95;360;1;90;2024;1997;10;10;62;NC;0;1;1;Non abonné
64319;38;200;1;39;2024;1967;6;12;30;O;0;1;1;Non abonné
64321;82;240;2;68;2024;1993;4;19;63;NC;0;1;0;Non abonné
64332;34;090;1;11;2024;1967;4;9;63;O;0;1;1;Non abonné
64406;29;930;1;139;2024;1989;5;16;40;N;0;1;1;Non abonné
64450;23;300;1;105;2024;1994;8;24;63;O;0;1;1;Non abonné
64488;27;390;1;27;2024;1995;9;12;40;N;0;1;1;Non abonné
64530;33;480;2;9;2024;1976;12;8;80;O;0;1;1;Non abonné
64546;97;133;2;153;2024;1989;9;21;40;NC;0;1;1;Non abonné
64551;60;220;1;138;2024;1987;11;12;50;O;0;1;1;Non abonné
64569;22;130;1;139;2024;1989;1;11;50;NC;0;1;0;Non abonné
64627;06;640;1;41;2024;1974;11;3;20;O;0;1;1;Non abonné
64636;75;017;1;90;2024;1998;7;13;62;NC;0;1;1;Non abonné
64645;69;100;1;51;2024;1992;3;6;40;NC;0;1;1;Non abonné
64687;91;610;1;92;2024;1997;1;27;40;N;0;1;1;Non abonné
64779;49;370;1;66;2024;1997;7;25;80;NC;0;1;1;Non abonné
64809;92;340;1;159;2024;1971;5;1;40;O;0;1;1;Non abonné
64851;40;180;1;147;2024;1977;6;26;20;O;0;1;1;Non abonné
64936;92;700;1;90;2024;1957;10;10;12;N;0;1;1;Non abonné
64944;63;670;1;62;2024;1968;1;17;80;NC;0;1;1;Non abonné
64986;97;419;1;136;2024;1975;6;30;20;O;0;1;2;Non abonné
65046;13;002;1;33;2024;1981;7;20;40;NC;0;1;1;Non abonné
65080;34;980;1;39;2024;1965;11;4;40;O;0;1;1;Non abonné
65092;98;803;1;157;2024;1969;2;20;14;NC;0;1;1;Non abonné
65093;98;846;1;157;2024;1982;10;22;80;NC;0;2;1;Non abonné
65103;74;370;1;64;2024;1988;10;3;40;N;0;1;1;Non abonné
65129;21;110;1;131;2024;1956;8;22;61;O;0;2;1;Non abonné
65143;44;270;2;66;2024;1995;10;2;40;O;0;1;1;Non abonné
65159;43;110;1;13;2024;1990;12;14;40;NC;0;1;1;Non abonné
65163;59;162;1;166;2024;1962;1;5;40;O;0;1;1;Non abonné
65329;98;709;1;156;2024;1964;6;29;80;NC;0;1;1;Non abonné
65374;63;410;1;62;2024;1991;10;2;40;N;0;1;1;Non abonné
65646;88;350;1;23;2024;1977;12;10;80;NC;0;2;1;Non abonné
65655;06;730;1;41;2024;1971;7;23;40;O;0;1;1;Non abonné
65763;34;480;2;11;2024;1978;5;28;40;N;0;1;1;Non abonné
65833;16;440;1;9;2024;1986;11;5;40;O;0;1;1;Non abonné
65836;97;320;1;155;2024;1965;2;21;12;NC;0;1;1;Non abonné
65856;03;250;1;62;2024;1994;10;16;40;O;0;1;1;Non abonné
65905;57;373;1;23;2024;1988;1;13;40;O;0;1;1;Non abonné
65990;63;500;1;62;2024;1998;6;15;40;NC;0;1;1;Non abonné
66153;33;320;1;9;2024;1994;4;23;40;N;0;1;0;Non abonné
66170;17;460;1;9;2024;1983;5;14;14;O;0;1;1;Non abonné
66233;46;200;1;118;2024;1981;4;11;40;O;0;1;1;Non abonné
66323;30;150;1;36;2024;1973;1;18;20;NC;0;1;1;Non abonné
66352;01;600;2;53;2024;1993;1;30;50;N;0;1;1;Non abonné
66419;59;840;1;166;2024;1982;7;17;40;NC;0;1;1;Non abonné
66471;59;130;1;166;2024;1996;7;26;40;NC;0;1;1;Non abonné
66482;21;490;1;131;2024;1969;4;21;40;O;0;1;1;Abonné
66538;13;320;2;107;2024;1982;12;26;40;NC;0;1;0;Non abonné
66557;37;130;1;84;2024;1994;4;22;80;NC;0;1;1;Non abonné
66561;74;340;1;64;2024;1992;5;5;40;O;0;1;1;Non abonné
66615;31;250;1;68;2024;1980;9;20;13;N;0;1;1;Non abonné
66664;77;178;1;92;2024;1992;5;10;40;N;0;1;1;Non abonné
66668;69;250;1;53;2024;1980;5;9;14;O;0;1;1;Non abonné
66678;74;300;1;64;2024;1994;8;2;40;N;0;1;1;Abonné
66700;83;560;1;30;2024;1967;11;24;40;N;0;1;1;Non abonné
66703;07;700;1;112;2024;1995;2;25;80;NC;0;1;1;Non abonné
66749;10;390;1;131;2024;1996;4;1;62;NC;0;1;1;Non abonné
66767;91;820;1;92;2024;1953;1;28;61;O;0;1;1;Non abonné
66839;05;000;1;39;2024;1968;5;15;20;O;0;1;1;Non abonné
66964;06;000;1;41;2024;1965;9;21;40;NC;0;2;0;Non abonné
67044;86;250;1;113;2024;1964;5;2;40;O;0;2;1;Non abonné
67064;78;470;1;90;2024;1993;10;4;20;N;0;1;1;Non abonné
67113;42;550;1;13;2024;1980;11;28;40;N;0;1;2;Non abonné
67153;64;230;1;104;2024;1998;4;12;62;NC;0;1;1;Non abonné
67213;64;460;1;104;2024;1961;3;3;40;NC;0;1;1;Non abonné
67275;33;500;1;9;2024;1997;8;2;40;NC;0;1;1;Non abonné
67345;56;250;1;46;2024;1991;10;11;40;N;0;1;1;Non abonné
67409;97;261;1;154;2024;1991;12;16;20;NC;0;1;1;Non abonné
67447;66;330;1;11;2024;1995;2;27;40;N;0;1;1;Non abonné
67504;13;220;1;33;2024;1981;6;14;40;N;0;1;1;Non abonné
67525;33;600;1;9;2024;1992;12;23;40;NC;0;1;1;Non abonné
67585;34;810;1;11;2024;1986;10;29;80;NC;0;1;1;Non abonné
67618;31;200;1;68;2024;1992;1;17;40;N;0;1;1;Non abonné
67644;69;490;1;53;2024;1985;3;14;80;NC;0;1;1;Non abonné
67716;45;600;2;122;2024;1980;7;30;12;N;0;1;1;Non abonné
67742;97;430;3;117;2024;1950;1;1;70;STE;0;2;0;Non abonné
67893;95;400;1;90;2024;1970;4;7;20;N;0;1;1;Non abonné
67940;80;200;2;138;2024;1992;2;29;40;N;0;1;1;Non abonné
67967;36;500;1;113;2024;1995;6;8;50;NC;0;1;1;Non abonné
67982;32;200;1;68;2024;1980;2;7;80;N;0;1;1;Non abonné
68078;91;800;3;117;2024;1950;1;1;70;STE;0;1;1;Non abonné
68127;57;070;1;103;2024;1965;7;19;50;N;0;1;1;Non abonné
68140;83;210;1;30;2024;1985;10;9;80;NC;0;1;1;Non abonné
68223;54;230;1;103;2024;1975;7;27;40;O;0;1;1;Non abonné
68251;76;150;1;27;2024;1996;8;26;50;N;0;1;1;Non abonné
68269;31;470;2;68;2024;1967;10;2;40;O;0;1;1;Non abonné
68340;18;700;1;122;2024;1987;1;9;40;N;0;1;1;Non abonné
68373;83;100;1;30;2024;1937;7;9;61;O;0;1;1;Non abonné
68406;14;123;1;111;2024;1963;1;16;12;NC;0;1;1;Non abonné
68468;04;110;2;107;2024;1985;9;7;40;O;0;1;1;Non abonné
68486;97;615;2;136;2024;1992;5;15;40;NC;0;1;1;Non abonné
68544;91;850;1;92;2024;1995;1;28;20;N;0;1;1;Non abonné
68561;62;200;1;166;2024;1992;3;27;50;N;0;1;1;Non abonné
68563;44;440;2;66;2024;1955;12;16;80;O;0;1;1;Abonné
68596;33;750;1;9;2024;1980;2;8;40;O;0;1;1;Non abonné
68615;98;716;2;156;2024;1970;9;24;80;NC;0;2;1;Non abonné
68618;38;122;2;39;2024;1990;8;25;40;NC;0;1;1;Non abonné
68652;77;400;1;92;2024;1996;2;27;40;NC;0;1;1;Non abonné
68692;14;220;1;111;2024;1994;7;11;40;N;0;2;1;Non abonné
68725;78;000;1;90;2024;1968;8;18;20;O;0;1;0;Non abonné
68737;62;840;1;166;2024;1996;5;17;40;NC;0;1;1;Non abonné
68768;89;000;1;122;2024;1994;4;2;80;NC;0;1;1;Non abonné
68804;98;718;1;156;2024;1957;8;2;80;NC;0;2;1;Non abonné
68810;91;310;1;92;2024;1977;2;18;50;O;0;1;1;Non abonné
68969;19;190;1;105;2024;1995;11;24;40;O;0;1;1;Non abonné
69002;38;530;1;39;2024;1976;1;15;80;NC;0;2;0;Non abonné
69006;03;150;1;62;2024;1952;3;14;61;O;0;1;1;Non abonné
69183;36;290;1;113;2024;1983;5;26;80;NC;0;1;1;Non abonné
69236;93;100;1;92;2024;1969;7;6;80;NC;0;1;1;Non abonné
69270;33;160;1;9;2024;1968;1;21;14;NC;0;1;1;Non abonné
69373;85;700;1;66;2024;1960;12;30;40;NC;0;1;2;Non abonné
69434;78;100;1;90;2024;1966;2;28;70;NC;0;1;1;Non abonné
69455;77;320;1;92;2024;1977;7;5;40;O;0;1;1;Non abonné
69471;77;173;2;92;2024;1992;9;9;62;O;0;1;1;Non abonné
69567;43;230;1;62;2024;1958;8;6;80;O;0;1;1;Non abonné
69579;79;200;1;113;2024;1991;10;4;40;NC;0;1;1;Non abonné
69584;97;306;1;155;2024;1985;9;18;80;NC;0;1;1;Non abonné
69609;21;600;1;131;2024;1995;2;9;40;N;0;1;1;Abonné
69626;13;770;1;107;2024;1971;11;3;40;NC;0;1;1;Non abonné
69658;06;400;1;17;2024;1990;10;5;40;N;0;1;1;Non abonné
69810;13;840;1;107;2024;1970;11;30;40;NC;0;1;1;Non abonné
69874;33;540;1;9;2024;1969;1;24;40;N;0;1;1;Non abonné
69987;44;250;1;66;2024;1972;3;23;20;O;0;0;1;Non abonné
69995;33;240;1;9;2024;1992;8;11;40;NC;0;1;1;Non abonné
70144;31;600;2;68;2024;1990;10;13;80;NC;0;1;1;Non abonné
70263;13;760;1;107;2024;1963;12;29;40;N;0;1;1;Non abonné
70269;43;420;1;13;2024;1965;4;12;11;NC;0;1;1;Non abonné
70276;57;970;1;103;2024;1990;2;14;40;O;0;1;1;Non abonné
70288;26;300;1;112;2024;1987;3;11;50;O;0;1;1;Non abonné
70373;54;210;1;151;2024;1976;5;12;40;NC;0;1;1;Non abonné
70391;97;300;1;155;2024;1977;12;18;20;N;0;1;1;Non abonné
70504;42;155;1;13;2024;1962;9;26;20;NC;0;1;1;Non abonné
70506;31;300;1;68;2024;1993;12;11;40;NC;0;1;1;Non abonné
70542;76;430;1;27;2024;1948;10;12;61;O;0;1;1;Non abonné
70543;19;430;1;105;2024;1994;6;14;80;N;0;1;1;Non abonné
70566;33;610;2;9;2024;1990;4;7;40;NC;0;1;1;Non abonné
70568;51;100;1;151;2024;1990;4;6;40;O;0;1;1;Non abonné
70692;33;830;2;9;2024;1970;11;24;80;N;0;1;0;Non abonné
70745;59;173;1;166;2024;1978;6;5;30;NC;0;1;1;Non abonné
70817;82;000;1;68;2024;1983;8;14;80;NC;0;1;1;Non abonné
70920;69;009;1;51;2024;1994;8;21;40;NC;0;2;1;Non abonné
71001;75;013;1;92;2024;1987;8;26;30;N;0;1;1;Non abonné
71081;31;200;1;68;2024;1952;2;27;40;O;0;1;1;Non abonné
71090;64;200;1;104;2024;1998;7;1;62;NC;0;2;0;Non abonné
71305;82;000;1;68;2024;1974;6;7;80;N;0;1;1;Non abonné
71368;75;019;1;92;2024;1986;6;15;14;NC;0;1;1;Non abonné
71377;73;190;2;64;2024;1992;3;7;40;N;0;1;1;Non abonné
71385;93;200;3;117;2024;1950;1;1;70;STE;0;1;0;Non abonné
71451;95;270;1;90;2024;1992;7;8;40;N;0;1;1;Non abonné
71482;13;100;1;107;2024;1966;7;14;13;NC;0;1;1;Non abonné
71485;42;680;1;13;2024;1995;7;1;40;N;0;1;1;Non abonné
71532;62;530;1;166;2024;1982;6;6;30;NC;0;1;1;Non abonné
71590;47;700;1;118;2024;1966;8;28;62;N;0;2;1;Non abonné
71624;45;300;1;122;2024;1962;8;3;20;NC;0;1;1;Non abonné
71912;94;500;1;92;2024;1992;3;4;63;NC;0;1;1;Non abonné
72003;07;000;1;112;2024;1967;12;26;40;N;0;1;1;Non abonné
72425;91;600;1;92;2024;1993;8;26;20;NC;0;1;1;Non abonné
72442;66;600;1;11;2024;1994;9;11;40;NC;0;1;1;Non abonné
72452;22;100;1;139;2024;1988;10;21;50;N;0;1;1;Non abonné
72497;78;500;1;90;2024;1967;2;16;12;NC;0;1;1;Non abonné
72522;30;250;2;36;2024;1998;3;6;62;NC;0;1;1;Non abonné
72570;87;800;2;105;2024;1998;12;27;40;O;0;1;1;Abonné
72573;38;950;1;39;2024;1964;10;1;20;N;0;1;1;Non abonné
72633;47;200;1;118;2024;1990;5;31;40;NC;0;1;1;Non abonné
72704;07;700;1;112;2024;1982;3;8;63;N;0;1;1;Non abonné
72815;10;150;1;131;2024;1998;10;17;50;NC;0;1;1;Non abonné
72922;93;500;2;92;2024;1987;9;18;40;N;0;1;1;Abonné
73020;83;500;2;30;2024;1986;7;25;80;NC;0;1;1;Non abonné
73025;29;260;1;139;2024;1962;12;21;40;O;0;1;1;Non abonné
73131;93;300;1;92;2024;1979;6;26;80;NC;0;1;1;Non abonné
73147;06;700;1;41;2024;1993;11;6;40;NC;0;1;1;Non abonné
73154;06;130;1;17;2024;1994;5;3;62;N;0;1;1;Non abonné
73215;64;100;1;104;2024;1988;8;6;80;NC;0;1;1;Non abonné
73268;43;200;1;13;2024;1984;12;22;80;NC;0;1;1;Non abonné
73303;93;100;1;92;2024;1986;12;29;80;NC;0;1;1;Non abonné
73344;76;660;1;27;2024;1974;4;11;40;N;0;1;1;Non abonné
73402;54;540;1;151;2024;1967;10;17;40;O;0;1;1;Non abonné
73545;33;410;1;9;2024;1981;3;22;50;N;0;1;1;Non abonné
73693;34;080;1;11;2024;1993;7;4;20;NC;0;1;1;Non abonné
73750;43;200;1;13;2024;1988;2;20;40;O;0;1;1;Non abonné
73876;22;480;1;139;2024;1996;11;16;50;N;0;1;1;Non abonné
73927;03;100;1;62;2024;1990;10;21;40;N;0;1;1;Non abonné
74005;34;370;1;11;2024;1955;9;5;80;NC;0;1;1;Non abonné
74031;95;220;1;90;2024;1995;9;22;40;NC;0;1;1;Non abonné
74066;49;100;1;66;2024;1989;11;26;40;O;0;1;1;Non abonné
74091;49;310;1;66;2024;1987;4;29;40;N;0;1;1;Non abonné
74100;31;460;1;68;2024;1988;3;19;40;O;0;1;1;Non abonné
74167;07;340;1;13;2024;1989;6;3;40;NC;0;1;1;Non abonné
74173;84;550;1;107;2024;1986;7;27;80;O;0;1;1;Non abonné
74263;76;570;1;27;2024;1997;6;12;62;N;0;0;0;Non abonné
74278;92;700;1;90;2024;1992;7;23;40;NC;0;2;1;Non abonné
74346;13;390;1;33;2024;1988;11;4;12;NC;0;1;1;Non abonné
74372;33;100;1;9;2024;1958;12;22;20;NC;0;1;1;Non abonné
74393;33;240;1;9;2024;1997;9;4;50;NC;0;1;1;Non abonné
74493;68;520;1;23;2024;1998;5;15;80;NC;0;1;1;Non abonné
74497;54;230;1;151;2024;1964;9;3;80;NC;0;1;1;Non abonné
74512;51;220;1;117;2024;1998;2;14;80;NC;0;2;0;Non abonné
74606;13;090;1;107;2024;1944;3;10;40;O;0;2;1;Non abonné
74614;97;419;1;136;2024;1985;8;11;40;NC;0;1;1;Non abonné
74664;37;600;1;84;2024;1963;6;21;80;NC;0;1;1;Non abonné
74725;97;440;1;136;2024;1964;6;13;40;NC;0;1;1;Non abonné
74928;26;750;1;112;2024;1970;4;13;80;NC;0;1;1;Non abonné
74958;49;150;1;66;2024;1992;6;23;40;N;0;1;1;Non abonné
74960;73;400;1;64;2024;1996;12;19;40;N;0;1;1;Non abonné
74973;44;300;1;66;2024;1979;10;8;20;NC;0;1;1;Non abonné
74986;44;400;1;66;2024;1990;7;4;20;N;0;1;1;Non abonné
74994;83;210;1;30;2024;1997;2;28;40;N;0;0;0;Non abonné
75065;60;000;3;117;2024;1950;1;1;70;STE;0;1;2;Non abonné
75088;31;170;2;68;2024;1962;8;7;80;O;0;1;1;Non abonné
75103;97;354;1;155;2024;1989;11;6;80;NC;0;2;1;Non abonné
75138;06;300;1;41;2024;1973;2;18;40;NC;0;1;1;Non abonné
75160;16;440;1;9;2024;1981;7;4;80;NC;0;1;0;Non abonné
75219;78;150;1;90;2024;1978;6;18;30;O;0;1;1;Non abonné
75223;83;330;2;30;2024;1966;12;5;40;O;0;1;1;Non abonné
75370;82;290;1;68;2024;1991;4;11;30;N;0;1;1;Non abonné
75451;33;380;1;9;2024;1983;7;29;40;N;0;1;1;Non abonné
75458;34;070;1;11;2024;1987;5;14;20;O;0;1;1;Non abonné
75521;61;000;1;111;2024;1989;12;23;50;NC;0;1;1;Non abonné
75544;05;500;1;39;2024;1973;4;27;40;NC;0;1;0;Non abonné
75641;36;300;1;113;2024;1958;8;19;80;O;0;1;1;Non abonné
75690;74;160;1;64;2024;1961;1;28;40;O;0;1;1;Non abonné
75903;19;470;2;105;2024;1969;11;3;40;O;0;1;1;Non abonné
75920;68;510;1;23;2024;1968;9;9;50;O;0;1;1;Non abonné
75930;36;000;1;113;2024;1973;3;9;40;N;0;1;1;Non abonné
75997;25;870;1;131;2024;1975;6;16;50;O;0;1;1;Non abonné
76055;84;918;1;53;2024;1985;11;17;12;O;0;1;0;Non abonné
76079;85;440;1;66;2024;1996;7;13;40;N;0;1;1;Non abonné
76168;34;070;1;11;2024;1985;5;9;40;O;0;1;1;Non abonné
76232;19;230;1;105;2024;1969;3;1;80;NC;0;1;1;Non abonné
76362;13;112;1;33;2024;1989;8;7;80;NC;0;1;1;Non abonné
76425;11;480;1;11;2024;1994;2;8;40;O;0;1;1;Non abonné
76439;74;540;1;64;2024;1986;3;3;12;O;0;1;1;Non abonné
76460;60;850;1;138;2024;1956;7;12;63;NC;0;1;1;Non abonné
76471;74;300;3;117;2024;1950;1;1;70;STE;0;2;0;Non abonné
76496;95;110;1;92;2024;1998;10;8;40;NC;0;1;1;Non abonné
76550;77;930;1;92;2024;1986;7;14;14;O;0;1;1;Non abonné
76613;26;400;1;112;2024;1991;1;4;40;O;0;1;1;Non abonné
76622;29;280;1;139;2024;1996;6;4;40;N;0;1;1;Non abonné
76718;93;110;3;117;2024;1950;1;1;70;STE;0;1;0;Non abonné
76726;13;011;1;165;2024;1995;10;13;40;N;0;1;1;Non abonné
76795;93;340;1;92;2024;1975;4;3;40;O;0;1;1;Non abonné
