nusoc;nucon;famgta;markli;apcoco;acircu;mcircu;utimot;pfco
16300;1;10000000000000000;VOXAN;STREET SCRAMBLER;2006;11;SB;9
16398;4;1000;HONDA;CB 1000R;2011;8;SB;9
16408;1;0950;KTM;ADVENTURE;2006;2;TM;9
16455;2;0400;KAWASAKI;KH;1980;6;RS;5
16455;1;1200;TRIUMPH;BONNEVILLE T120;2018;2;B;11
16503;1;0250;PEUGEOT;GEOPOLIS CITY;2008;6;SGR;3
16530;2;0620;DUCATI;MONSTER IE DARK 34CV;2003;6;BS;6
16704;2;1200;TRIUMPH;BONNEVILLE T120 BLAC;2018;3;B;11
16833;1;0900;KAWASAKI;ZX-9R NINJA;2002;5;HYS;8
17020;1;1000;KAWASAKI;Z1000 IE;2005;3;SB;9
17020;2;0500;HONDA;CB 500;1996;7;B;5
17236;1;06000000000000000;YAMAHA;FZR;1992;5;ST;6
17262;1;0750;KAWASAKI;Z 750-N IE;2008;7;SB;7
17461;1;0050;RIEJU;MRT PRO;2013;3;TS;0
17502;1;00500000000000000;PIAGGIO;VESPA PRIMAVERA 2T;2015;1;SCB;0
17598;1;1300;YAMAHA;XJR IE;2008;1;BS;12
17624;1;0600;KAWASAKI;ZX-6R NINJA;1998;5;SS;6
17666;1;0125;HONDA;CBR;2006;10;RS;1
17719;1;0500;HONDA;CB-S 34CV;1998;1;B;5
17776;1;0050;PGO;PMX;2014;7;SCS;0
17798;1;0050;APRILIA;SPORCITY ONE;2010;1;SGR;0
17848;1;1200;BMW;R1200RT;2017;2;GT;11
17912;1;0400;HONDA;CX;1982;8;B;5
17912;3;0650;BMW;R65 RT;1980;3;B;7
17981;1;0050;YAMASAKI;PRO50;2015;1;SS;0
17981;2;0050;YIYING;ROMANCIA;2015;2;SCB;0
17991;1;0500;HONDA;CBR 500RA;2019;9;B;5
18018;1;0050;PEUGEOT;LUDIX TREND;2012;1;SCB;0
18110;1;0125;YAMAHA;MT-125 ABS;2015;2;B;1
18123;1;0450;KTM;EXC RACING MTT1;2006;1;EN;5
18230;2;1000;APRILIA;"RS-V MILLE ""MODIFIEE";2001;6;SS;9
18230;3;1250;BMW;R1250GS ADVENTURE;2021;12;TM;12
18341;1;0050;YIYING;OLDIES;2015;1;SCB;0
18773;1;0050;MBK;PHENIX;2006;6;B;0
18787;1;0125;ZONGSHEN;TRAIL ZS REPLICA;2015;2;T;1
18800;3;0125;HONDA;CM-C;1999;10;CU;1
18801;1;1500;KAWASAKI;VN DRIFTER;2000;5;CU;13
18954;1;0125;ZONTES;SCRAMBLER;2021;6;B;1
18996;1;0500;KAWASAKI;ER-5 (34CV);1998;6;B;5
19073;1;06000000000000000;YAMAHA;FZS FAZER 34CV;2003;9;BS;6
19155;1;0696;DUCATI;MONSTER+;2008;12;BS;7
19155;2;0900;DUCATI;MONSTER IE;2000;4;BS;9
19156;1;0750;KAWASAKI;Z 750-N IE;2006;10;SB;7
19311;1;0750;HONDA;VFR-F;1988;1;ST;7
19322;2;0900;YAMAHA;TRACER 900GT;2018;5;BS;8
19322;1;0350;YAMAHA;QUAD YFM-R;2011;4;QM2;4
19322;3;0125;TERROT;TYPE ETD;1955;6;B;1
19348;1;0750;HONDA;VFR-F;1991;1;ST;7
19371;1;0750;HONDA;NC750XD DCT;2023;9;B;7
19485;1;0300;BETAMOTOR;RR 2T RACING;2017;1;EN;4
19550;1;0050;PGO;BIG MAX NAKED;2012;6;SCS;0
19743;2;0944;DUCATI;ST2 (SPORT-TOURING2);1997;10;ST;9
19743;1;0860;DUCATI;860 SS;1979;3;B;8
19764;1;0600;SUZUKI;BANDIT;1998;8;BS;6
19930;1;0650;KAWASAKI;ER-6N ABS;2010;4;BS;7
19989;1;0050;PIAGGIO;TYPHOON XR;2009;10;SCS;0
20065;1;02500000000000000;KTM;EXC 2T MTT1;2006;5;EN;3
20083;1;0650;SUZUKI;BANDIT IE 34CV;2007;8;BS;7
20141;1;0600;HONDA;HORNET;2001;2;SB;6
20141;2;0600;HONDA;HORNET;2001;2;SB;6
20157;1;0650;KAWASAKI;KLR;1999;5;T;7
20192;1;0426;YAMAHA;WR-F;2002;3;EN;5
20324;3;1000;BMW;R100RT CLASSIC;1989;5;GT;9
20324;7;0125;PIAGGIO;VESPA PX FL;2007;12;SCB;1
20324;5;0050;VELOSOLEX;5000;1972;5;B;0
20324;1;1000;BMW;R100R;1993;4;B;9
20338;1;0600;YAMAHA;XTE;1990;7;T;6
20447;1;0125;HONDA;SH-I;2013;3;SGR;1
20447;3;0200;VESPA;PX200E;1986;4;SCB;3
20447;4;0050;PIAGGIO;CIAO;1981;1;B;0
20449;1;0650;HONDA;XR-R;2003;1;EN;7
20516;1;0750;KAWASAKI;Z 750-N IE;2008;7;SB;7
20608;1;0300;PIAGGIO;MP3 LT BUSINESS;2015;3;S32;4
20773;1;06000000000000000;KAWASAKI;ZX-6R NINJA 'R' IE;2006;5;HYS;6
20773;3;1000;HONDA;"CBR-RR FIREBLADE ""HR";2012;6;HYS;9
20794;1;1300;YAMAHA;XJR IE;2009;8;BS;12
20842;1;0050;SYM;MIO;2013;3;SCB;0
20917;1;0800;BMW;F800R 'MODIFIEE CIRC;2014;9;B;9
21074;1;1450;HARLEY-DAVIDSON;ROAD KING;2005;6;GT;13
21082;3;1200;BMW;R1200GS ABS  PACK;2015;6;TMR;11
21112;1;0600;HONDA;CB-F IE ABS;2009;1;B;6
21128;1;0125;KYMCO;ZING;1998;5;CU;1
21128;2;0300;PIAGGIO;MP3 LT YOURBAN;2014;2;S32;4
21211;1;0700;HONDA;NC700SA C-ABS;2013;9;B;7
21259;1;1200;BMW;R1200ST ABS;2005;6;ST;11
21273;1;1250;HARLEY-DAVIDSON;NIGHT-ROD SPECIAL;2008;10;BS;11
21343;1;0650;KAWASAKI;ER-6F;2013;5;SS;7
21350;1;0750;KAWASAKI;Z 750-N IE;2007;12;SB;7
21418;1;0500;HONDA;CB 500F 34CV;2004;9;B;5
21465;2;0600;HONDA;CBR;1993;4;ST;6
21475;2;1200;HARLEY-DAVIDSON;SPORTSTER CUSTOM;2004;10;CU;11
21486;1;1200;HARLEY-DAVIDSON;SPORTSTER FORTY-EIGH;2013;5;B;11
21560;1;0125;PEUGEOT;TWEET;2015;4;SGR;1
21593;2;0883;HARLEY-DAVIDSON;SPORTSTER CUSTOM;2004;7;CU;9
21593;4;0650;SUZUKI;V-STROM 34CV;2006;5;TMR;7
21593;3;0650;YAMAHA;DRAG STAR;1998;11;CU;7
21612;1;0600;YAMAHA;THUNDERCAT (YZF-R);2002;4;ST;6
21623;1;0700;YAMAHA;XSR700 35KW;2016;10;B;7
21642;1;0900;TRIUMPH;BONNEVILLE T100;2005;9;B;8
21709;1;0660;KTM;SMC SUPERMOTO;2005;4;SM;7
21712;2;0125;YAMAHA;XT-R;2006;5;T;1
21712;1;0750;HONDA;AFRICA TWIN;1994;1;TM;7
21731;1;0650;BSA;THUNDERBOLT;1969;6;B;7
21802;2;0500;HONDA;CB 500;2002;10;B;5
21935;2;06500000000000000;SUZUKI;DR 650 RSE;1996;5;T;7
21981;2;0070;HONDA;DAX;1989;6;B;1
21981;1;0800;HONDA;PACIFIC COAST (PC800;1992;12;GT;8
22025;1;0500;HONDA;CB 500;2001;6;B;5
22207;1;0600;YAMAHA;FZ6;2005;6;SB;6
22213;1;0750;KAWASAKI;Z 750-S IE;2005;7;BS;7
22277;2;0500;HONDA;CB 500;1995;5;B;5
22277;5;0500;HONDA;CB 500;1995;5;B;5
22432;3;0300;GAS GAS;EC RACING;2018;1;EN;4
22481;1;11000000000000000;MOTO GUZZI;CALIFORNIA EV;1999;8;GT;10
22571;1;0750;HONDA;VT SHADOW;1997;4;CU;7
22571;2;1690;HARLEY-DAVIDSON;DYNA STREET BOB;2017;6;CU;15
22624;1;0510;HUSQVARNA;SM-R CENTENNIAL;2005;1;SM;6
22624;3;10000000000000000;APRILIA;RS-T FUTURA;2003;1;ST;9
22794;1;0125;HONDA;VARADERO IE;2010;7;TMR;1
22805;1;0290;SHERCO;X-RIDE USAGE TT;2014;4;EN;3
22811;2;0250;SHERCO;ST 2.5;2014;12;TR;3
22822;1;0800;DUCATI;SCRAMBLER ICON;2015;3;B;8
22931;3;0500;HONDA;CBR 500RA;2017;10;B;5
22954;1;0050;PEUGEOT;ELYSTAR ADVANTAGE;2013;1;SCG;0
22977;1;0800;GILERA;GP800;2011;8;SCS;9
23069;1;0600;HONDA;CB-F IE ABS;2009;3;B;6
23081;1;0500;SUZUKI;GS-E;1986;5;B;5
23094;1;0050;FUJIANG;GREENWHEEL GW1 (ELEC;2012;3;B;0
23126;1;0250;YAMAHA;YB-R;2008;7;B;3
23126;2;0125;HONDA;CB 125F;2009;10;B;1
23138;1;1690;HARLEY-DAVIDSON;DYNA SWITCHBACK ABS;2012;5;CU;15
23165;1;0850;BMW;R850R;1998;4;B;8
23208;1;0750;HONDA;CB-SEVEN FIFTY;1998;3;B;7
23217;1;0600;KAWASAKI;ZX-6R NINJA;1996;3;SS;6
23228;2;0600;SUZUKI;BANDIT 34CV;2004;2;BS;6
23289;1;0125;HONDA;CB 125F;2010;5;B;1
23314;1;0050;YAMASAKI;ROADSTER;2015;4;B;0
23327;1;0300;GAS GAS;EC ENDUCROSS RACING;2013;12;EN;4
23411;1;0650;SUZUKI;SV-S 34CV;2003;9;SS;7
23481;1;0600;YAMAHA;THUNDERCAT (YZF-R);1996;7;ST;6
23671;1;1150;INDIAN MOTORCYCLE;SCOUT  35KW;2021;5;CS;11
23681;15;01250000000000000;HONDA;PCX;2014;5;SGR;1
23681;9;0050;KYMCO;AGILITY;2012;3;SCB;0
23681;2;0050;KYMCO;AGILITY;2014;4;SCB;0
23681;11;0050;KYMCO;AGILITY;2013;4;SCB;0
23681;16;01250000000000000;HONDA;PCX;2012;4;SGR;1
23681;12;0530;YAMAHA;T-MAX ABS;2013;5;SCS;6
23681;3;0125;HONDA;PCX;2011;11;SGR;1
23681;4;0125;YAMAHA;X-MAX;2007;8;SCS;1
23681;10;0050;KYMCO;AGILITY;2012;4;SCB;0
23681;1;0050;KYMCO;AGILITY;2011;4;SCB;0
23681;5;0125;HONDA;PCX;2010;9;SGR;1
23681;22;0125;HONDA;PCX;2016;11;SGR;1
23681;7;0125;HONDA;PCX;2011;6;SGR;1
23681;18;0500;YAMAHA;T-MAX IE;2012;7;SCS;5
23681;21;0125;HONDA;PCX;2012;1;SGR;1
23681;20;0125;HONDA;PCX;2016;4;SGR;1
23681;13;0530;YAMAHA;T-MAX IRON MAX;2016;4;SCS;6
23681;19;0050;YAMAHA;NEO'S;2015;6;SCB;0
23704;1;0050;PEUGEOT;LUDIX ONE 1P;2016;1;SCB;0
23704;2;0050;PEUGEOT;LUDIX ONE 1P;2016;1;SCB;0
24088;1;0050;PIAGGIO;FLY 2T;2015;4;SCB;0
24139;1;0600;HONDA;HORNET       (71KW);2005;6;SB;6
24183;1;0650;SUZUKI;GLADIUS ABS  35KW;2015;4;BS;7
24308;1;0750;SUZUKI;GSX-R IE;2012;2;HYS;7
24308;2;0650;HONDA;NTV;1993;10;B;7
24356;1;0500;HONDA;CB 500F 34CV;2005;7;B;5
24364;1;0600;HONDA;XL-RM;1985;7;T;6
24364;2;1000;HONDA;AFRICA-TWIN;2016;9;TM;9
24365;1;0600;SUZUKI;BANDIT;2000;8;BS;6
24385;1;1300;SUZUKI;"GSX-R ""HAYABUSA""";2011;6;ST;12
24429;1;0050;PEUGEOT;LUDIX ONE 2P;2013;4;SCB;0
24480;2;1200;BMW;R1200RT;2014;9;GT;11
24582;1;08500000000000000;YAMAHA;MT-09 TRACER;2015;3;BS;8
24624;1;0600;SUZUKI;BANDIT 34CV;2003;6;BS;6
24725;1;0600;YAMAHA;FZS FAZER;2003;1;BS;6
24842;1;0600;SUZUKI;BANDIT;1997;9;BS;6
24874;2;0535;YAMAHA;XV VIRAGO;1990;1;CU;6
24874;1;05350000000000000;YAMAHA;XV VIRAGO;1990;1;CU;6
24880;1;0050;IMF;TWIST;2014;7;SCB;0
24911;1;0600;YAMAHA;FZ6-S FAZER;2006;4;BS;6
25018;1;0300;PIAGGIO;MP3 LT YOURBAN;2015;4;S32;4
25018;2;0125;HONDA;SH-I;2018;6;SGR;1
25069;2;0150;KYMCO;QUAD MXER;2003;2;QM2;2
25069;1;0125;SUZUKI;GN125D;1992;7;CU;1
25109;1;1000;YAMAHA;"FZ1 ""N""";2014;9;SB;9
25126;2;0675;TRIUMPH;STREET TRIPLE R;2014;4;SB;7
25191;1;0999;DUCATI;999 SUPERBIKE BIPOST;2005;9;HYS;9
25207;1;0650;SUZUKI;SV-N 34CV;2006;7;BS;7
25251;1;0125;HONDA;SH-I TOP BOX;2008;4;SGR;1
25279;2;0125;PEUGEOT;TWEET;2010;5;SGR;1
25303;1;0750;KAWASAKI;Z 750-N IE;2004;9;SB;7
25358;1;0500;KAWASAKI;ER-5 (34CV);1999;6;B;5
25366;1;0650;SUZUKI;BANDIT IE 34CV;2007;4;BS;7
25399;1;0300;SYM;GTS;2009;8;SCG;3
25459;3;0250;GAS GAS;EC ENDUCROSS;2003;1;EN;3
25459;2;0750;YAMAHA;YZF-R;1998;1;SS;7
25459;1;0916;DUCATI;ST4;1999;12;ST;9
25466;1;1000;HONDA;AFRICA-TWIN ADVENTUR;2019;2;TM;9
25474;1;1000;APRILIA;RS-V4 FACTORY APRC;2012;10;HYS;9
25536;3;0125;YAMAHA;SR;1992;6;CU;1
25536;1;0800;HONDA;VFR-F;1998;1;ST;8
25660;1;0125;KEEWAY;LEONE;2007;8;SCS;1
25706;1;0675;TRIUMPH;STREET TRIPLE;2007;10;SB;7
25715;1;1000;HONDA;"VTR ""FIRESTORM""";1997;3;SS;9
25763;1;1000;YAMAHA;R1 (YZF-R1);1999;4;HYS;9
25769;1;0125;YAMAHA;DTF;1977;1;T;1
25842;1;0650;HONDA;DOMINATOR;1990;7;T;7
25842;4;0650;SUZUKI;DR 650 SET;2000;4;T;7
25842;3;0955;TRIUMPH;DAYTONA IE T595;1999;1;SS;9
25885;1;0883;HARLEY-DAVIDSON;SPORTSTER ROADSTER A;2015;4;B;9
25919;2;0800;HONDA;VFR-F;2000;12;ST;8
25919;1;0600;YAMAHA;XJ6 DIVERSION ABS 34;2009;10;B;6
25950;1;1200;KAWASAKI;ZX-12R NINJA;2005;4;HYS;11
26053;1;1000;KAWASAKI;Z1000 IE ABS;2015;4;SB;10
26077;1;0850;YAMAHA;MT-09 ABS;2014;4;SB;8
26121;1;06000000000000000;HONDA;HORNET 34CV;2001;1;SB;6
26303;1;0500;ROYAL ENFIELD;BULLET ELECTRA EFI;2011;10;B;5
26340;1;1200;HARLEY-DAVIDSON;SPORTSTER FORTY-EIGH;2010;9;B;11
26410;2;0050;PEUGEOT;103;1971;1;B;0
26410;1;0600;YAMAHA;FZ6-S FAZER;2005;7;BS;6
26413;2;0750;SUZUKI;GSX-R IE;2004;4;HYS;7
26413;1;1300;SUZUKI;"GSX-R ""HAYABUSA""";2001;5;ST;12
26413;3;0750;SUZUKI;GSX-R;1987;5;SS;7
26464;1;05300000000000000;YAMAHA;T-MAX BRONZE MAX ABS;2014;6;SCS;6
26466;2;1690;HARLEY-DAVIDSON;SOFTAIL FAT BOY ABS;2015;6;CU;15
26466;4;0883;HARLEY-DAVIDSON;SPORTSTER IRON ABS;2015;9;B;9
26466;1;1340;HARLEY-DAVIDSON;SOFTAIL HERITAGE;1994;3;CU;12
26481;2;0954;HONDA;CBR-RR FIREBLADE;2003;10;HYS;9
26481;4;06500000000000000;KAWASAKI;ER-6N;2012;1;BS;7
26481;3;1000;HONDA;CBR-RR FIREBLADE;2011;8;HYS;9
26481;1;0600;HONDA;HORNET  34CV;1999;9;SB;6
26546;1;0500;SUZUKI;GS 34CV;2006;5;B;5
26552;1;0900;DUCATI;SUPERSPORT;1994;4;RS;9
26552;2;0750;DUCATI;F1;1989;9;RS;7
26586;1;0750;SUZUKI;GSR;2015;9;SB;7
26625;1;0750;SUZUKI;GSX-R IE;2004;9;HYS;7
26659;2;0125;YAMAHA;XV VIRAGO;1999;5;CU;1
26674;2;1000;YAMAHA;R1 IE (YZF-R1);2008;12;HYS;9
26674;1;0600;YAMAHA;THUNDERCAT (YZF-R);1996;6;ST;6
26747;1;0600;HONDA;TRANSALP +35KW;1990;6;TMR;6
26784;1;0850;YAMAHA;MT-09 TRACER;2017;12;BS;8
26805;1;0125;YAMAHA;X-MAX;2011;5;SCS;1
26875;1;0500;DASY;BUGGY BXR5;2010;6;QM2;5
26900;1;0900;TRIUMPH;LEGEND TT;2000;9;B;9
26963;1;0535;YAMAHA;XV VIRAGO;1989;1;CU;5
26971;1;05000000000000000;PIAGGIO;BEVERLY;2005;9;SGR;5
26980;1;1100;KAWASAKI;ZRX;1997;1;BS;10
27039;1;00500000000000000;CPI;SUPERMOTARD;2008;7;SM;0
27072;1;0125;JINLUN;HIGHLANDER;2008;4;CU;1
27081;1;0883;HARLEY-DAVIDSON;SPORTSTER LOW;2008;7;B;9
27135;2;0800;YAMAHA;FZ8;2013;3;SB;8
27135;3;0650;KAWASAKI;ER-6N;2011;9;BS;7
27406;1;0600;YAMAHA;XJ6 ABS   35KW;2013;4;B;6
27479;1;0650;KAWASAKI;ER-6N;2015;4;BS;7
27498;1;0050;YAMASAKI;ROADSTER;2015;5;B;0
27504;1;0400;HONDA;SILVER WING (FJS);2008;7;SCG;4
27537;4;0600;YAMAHA;R6 IE (YZF-R6);2005;9;HYS;6
27537;5;0750;SUZUKI;GSX-R IE;2005;6;HYS;7
27544;1;0600;SUZUKI;BANDIT 34CV;1998;3;BS;6
27649;1;0750;MOTO GUZZI;V7 III STONE S;2020;5;B;7
27778;1;0125;HONDA;FORZA (NSS125AD);2020;1;SCS;1
27811;1;0600;SUZUKI;BANDIT;1998;8;BS;6
27849;5;1000;CONTRAT FLOTTE;IDENTIFIE;2015;6;B;0
27849;6;10000000000000000;CONTRAT FLOTTE;IDENTIFIE;2016;1;B;0
27974;1;1000;HONDA;CB 1000FA ABS;2008;5;B;9
28052;1;0050;SYM;FIDDLE;2015;6;SCB;0
28073;1;0500;KAWASAKI;ER-5 (34CV);1998;2;B;5
28079;1;0125;HONDA;CBR-R IE;2014;3;RS;1
28284;2;0400;BETAMOTOR;RR;2013;1;EN;5
28284;3;0700;YAMAHA;TENERE 700 RALLY EDI;2022;3;TM;7
28284;5;0750;BMW;R75/5;1973;10;B;7
28284;4;0400;HONDA;CB 400N;1981;4;B;5
28303;1;0050;PEUGEOT;CITYSTAR;2015;5;SCG;0
28339;1;0800;BMW;F800S ABS;2006;11;RS;9
28390;2;02500000000000000;KTM;EXC 2T MTT1;2009;11;EN;3
28390;3;05000000000000000;HONDA;CX;1980;8;B;5
28482;1;05000000000000000;SUZUKI;GS-E 34CV;1998;6;B;5
28482;2;05000000000000000;HONDA;CB-S 34CV;2000;12;B;5
28626;2;1200;BMW;R NINE T URBAN GS;2017;9;TMR;11
28679;1;1000;YAMAHA;FZ1 FAZER;2006;10;BS;9
28760;2;05000000000000000;PEUGEOT;SATELIS EXECUTIVE;2008;4;SCG;5
28861;1;0500;HONDA;CB 500FA;2015;6;B;5
28872;1;0650;HONDA;DEAUVILLE 34CV;1999;9;GT;7
28919;3;0750;HONDA;VF-C;1996;8;CS;7
29006;1;0600;HONDA;CBR 600F;2011;4;SS;6
29012;2;00500000000000000;PEUGEOT;102;1980;1;B;0
29012;1;0600;YAMAHA;XTE;1990;6;T;6
29069;1;00500000000000000;PEUGEOT;SPEEDFIGHT 3 AIR RS;2011;1;SCS;0
29182;1;0125;HONDA;NSR;1992;1;SS;1
29255;1;0620;DUCATI;MONSTER IE;2003;3;BS;6
29265;2;0750;BMW;K75RT ABS;1996;3;GT;7
29283;1;0050;MBK;BOOSTER SPIRIT NAKED;2013;1;SCS;0
29400;1;0400;HONDA;XR-R;1998;5;EN;4
29451;2;1250;HARLEY-DAVIDSON;NIGHT-ROD SPECIAL AB;2014;1;BS;11
29466;2;0600;YAMAHA;FZS FAZER;2002;12;BS;6
29485;1;0821;DUCATI;MONSTER  70KW;2015;6;SB;8
29518;1;0450;HUSQVARNA;SM-R MTT1;2007;12;SM;5
29530;1;1000;SUZUKI;GSX-R;2008;1;HYS;9
29604;1;0050;HONDA;VISION;2015;6;SGR;0
29661;1;0750;APRILIA;SHIVER;2012;6;BS;7
29683;1;0750;KAWASAKI;Z 750-N IE;2009;7;SB;7
29683;2;0600;YAMAHA;FZS FAZER;2000;2;BS;6
29688;1;0650;SUZUKI;SV-N 34CV;2000;2;BS;7
29866;2;0125;ARCHIVE MOTORCYCLE;CAFE RACER AM-60;2019;1;B;1
29866;1;1200;DUCATI;MULTISTRADA S SPORT;2012;9;BS;11
29941;11;0050;EUROCKA;GTR;2005;9;SCB;0
29941;33;0050;NECO;TITO;2017;5;SCB;0
29941;22;0050;KYMCO;AGILITY;2013;5;SCB;0
29941;25;0050;NECO;FOR;2016;7;SCB;0
29941;1;0050;EUROCKA;SCOOTER GTR;2015;6;SCB;0
29941;2;0050;EUROCKA;SCOOTER GTR;2015;6;SCB;0
29941;4;0050;EUROCKA;SCOOTER GTR;2015;6;SCB;0
29941;7;0050;EUROCKA;SCOOTER GTR;2014;5;SCB;0
29941;20;0050;EUROCKA;SCOOTER GTR;2016;6;SCB;0
29941;28;0050;NECO;TITO;2016;6;SCB;0
29941;32;0050;NECO;TITO;2016;6;SCB;0
29941;35;0050;KYMCO;AGILITY;2010;12;SCB;0
29941;27;0050;NECO;ONE 4T;2017;6;SCB;0
29941;6;00500000000000000;EUROCKA;SCOOTER GTR;2015;6;SCB;0
29941;16;0050;EUROCKA;SCOOTER GTR;2016;6;SCB;0
29941;17;0050;EUROCKA;SCOOTER GTR;2016;6;SCB;0
29941;21;0050;EUROCKA;SCOOTER GTR;2016;6;SCB;0
29941;29;0050;JONWAY;TREK;2016;6;SCB;0
29941;30;0050;KYMCO;AGILITY;2008;5;SCB;0
29941;3;0050;EUROCKA;SCOOTER GTR;2015;6;SCB;0
29941;12;0050;EUROCKA;SCOOTER GTR;2016;6;SCB;0
29941;13;0050;NECO;FOR;2017;4;SCB;0
29941;15;0050;EUROCKA;SCOOTER GTR;2016;6;SCB;0
29941;18;0050;EUROCKA;SCOOTER GTR;2016;6;SCB;0
29941;26;0050;JONWAY;TREK;2016;6;SCB;0
29941;31;0050;NECO;TITO;2016;6;SCB;0
29941;34;0050;NECO;FOR;2017;6;SCB;0
29941;36;0050;KYMCO;AGILITY;2008;5;SCB;0
30077;1;0700;YAMAHA;"QUAD YFM-R ""RAPTOR""";2009;1;QU;0
30104;1;02500000000000000;KYMCO;QUAD MXU;2015;5;QM2;3
30106;1;0050;YAMAHA;BW'S EASY;2013;12;SCS;0
30142;1;1800;HONDA;GOLDWING CONFORT;2015;6;GT;16
30250;1;0600;YAMAHA;FZS FAZER;2000;4;BS;6
30274;1;1000;KAWASAKI;Z1000 IE;2007;7;SB;9
30334;1;0050;YAMAHA;NEO'S;2004;4;SCB;0
30335;1;00500000000000000;SHENKE;SILVER;2015;1;SCB;0
30342;2;0250;KTM;EXC-F MTT1;2009;4;EN;3
30381;1;0600;SUZUKI;BANDIT;2001;5;BS;6
30418;3;1000;SUZUKI;SV-S;2004;7;SS;9
30418;1;0600;HONDA;HORNET IE;2007;6;SB;6
30427;1;0675;TRIUMPH;STREET TRIPLE R;2011;4;SB;7
30427;2;0675;TRIUMPH;STREET TRIPLE R;2010;4;SB;7
30515;1;0800;KAWASAKI;Z800;2015;6;SB;8
30533;1;0900;YAMAHA;XJ;1988;5;B;8
30533;2;0900;YAMAHA;XJ;1988;5;B;8
30533;3;0500;YAMAHA;XT;1977;10;T;5
30645;2;00700000000000000;HONDA;DAX;1972;1;B;1
30689;3;0675;TRIUMPH;STREET TRIPLE R;2013;9;SB;7
30827;1;0125;HONDA;VT SHADOW;2004;2;CU;1
30891;1;0350;HUSABERG;FE ENDURO;2013;3;EN;4
30891;2;0250;HUSQVARNA;FE ENDURO;2018;10;EN;3
31010;2;0675;TRIUMPH;STREET TRIPLE R;2012;1;SB;7
31010;1;0250;YAMAHA;WR-F;2002;3;EN;3
31043;1;0050;ZHENHUA;DAX REPLICA;2012;7;B;1
31060;1;0050;MOTRAC;M3;2015;6;B;0
31183;2;0125;SHERCO;SHERCO 1.25;2006;10;TR;1
31183;1;0250;KTM;EXC-F MTT1 SIX DAYS;2020;12;EN;3
31205;1;0900;HONDA;CBR-RR FIREBLADE;1993;5;HYS;8
31348;2;1200;HARLEY-DAVIDSON;SPORTSTER FORTY-EIGH;2016;5;B;11
31351;1;0600;HONDA;HORNET       (70KW);2002;8;SB;6
31367;1;0125;HONDA;VARADERO;2002;5;TMR;1
31439;1;1000;HONDA;CB 1000R;2010;3;SB;9
31451;2;1000;KAWASAKI;ZX-10R NINJA  ABS;2016;11;HYS;10
31465;1;0900;TRIUMPH;SCRAMBLER IE;2011;1;B;8
31485;1;0050;YAMAHA;EW SLIDER;2006;2;SCS;0
31493;1;0850;YAMAHA;MT-09 TRACER;2014;12;BS;8
31538;1;0125;SUZUKI;GT;1976;2;B;1
31546;2;0600;HONDA;HORNET  34CV;2001;6;SB;6
31552;1;0200;KTM;EXC MTT1;2002;7;EN;3
31629;1;0600;YAMAHA;FZ6;2006;12;SB;6
31846;2;0600;YAMAHA;R6 IE (YZF-R6);2008;4;HYS;6
31846;1;0650;KAWASAKI;ER-6N 34CV;2009;6;BS;7
31893;1;0750;HONDA;VFR-F;1996;4;ST;7
31900;1;1290;KTM;SUPERDUKE R;2018;8;SB;12
32008;1;0675;TRIUMPH;STREET TRIPLE;2013;6;SB;7
32171;1;0125;SUZUKI;BURGMAN IE;2015;7;SCG;1
32357;1;0650;SUZUKI;"SV-S ""MODIFIEE CIRCU";2005;4;SS;7
32357;2;0850;YAMAHA;MT-09 TRACER (FULL);2017;4;BS;8
32381;1;0080;YAMAHA;ZEST;1999;12;SCB;1
32415;1;1000;VOXAN;CAFE RACER V2;2001;5;RS;9
32469;2;0125;KTM;DUKE;2017;5;B;1
32528;1;0500;HONDA;CB 500FA;2014;4;B;5
32610;1;0650;KAWASAKI;VULCAN S ABS;2015;2;CS;7
32745;1;0600;YAMAHA;XJ-N;1995;3;B;6
32745;4;0125;PEUGEOT;SATELIS CITY K15;2007;4;SCG;1
32745;2;0125;HONDA;CBR 125;2006;9;RS;1
32776;2;05000000000000000;HONDA;CB500F (< 1980);1972;5;B;5
32776;1;06500000000000000;SUZUKI;GS650L;1983;11;CU;7
32776;4;0500;HONDA;CB500F (< 1980);1972;5;B;5
32776;3;0650;SUZUKI;GS650L;1983;11;CU;7
32777;29;0125;YAMAHA;X-MAX ABS;2017;6;SCS;1
32777;13;0050;TNT MOTOR;ESTATE;2017;5;SCB;0
32777;27;00500000000000000;LONGJIA;ESTATE;2017;5;SCB;0
32777;28;00500000000000000;TNT MOTOR;ESTATE;2017;5;SCB;0
32777;1;0050;TNT MOTOR;OTTO;2015;7;SCB;0
32777;2;0050;TNT MOTOR;OTTO;2015;7;SCB;0
32777;5;0400;PIAGGIO;MP3 LT (TM);2010;5;S32;5
32777;22;0125;TNT MOTOR;OTTO;2016;7;SCB;1
32777;23;0125;TNT MOTOR;OTTO;2016;7;SCB;1
32777;24;0500;YAMAHA;T-MAX IE;2009;5;SCS;5
32777;25;1200;BMW;R1200GS ABS  PACK;2014;2;TMR;11
32777;6;01250000000000000;LML;STELLA STAR IE;2015;7;SCB;1
32777;7;0125;SUZUKI;VANVAN;2005;6;T;1
32777;8;12000000000000000;BMW;R1200GS;2010;8;TMR;11
32777;16;0350;QUADRO TECHNOLOGIE;QUADRO 3D;2013;6;S32;4
32777;17;0500;YAMAHA;T-MAX IE;2008;4;SCS;5
32777;18;0050;TNT MOTOR;OTTO;2017;6;SCB;0
32777;19;0050;TNT MOTOR;OTTO;2016;7;SCB;0
32777;20;0050;TNT MOTOR;OTTO;2016;7;SCB;0
32777;26;1200;BMW;R1200GS ABS  PACK;2013;8;TMR;11
32825;1;0125;HONDA;PANTHEON (FES);2006;8;SCG;1
32838;1;0600;HONDA;XL-R;1985;7;T;6
32863;1;0650;HONDA;CB 650F;2015;6;BS;7
32880;1;0125;CC;DAX REPLICA;2012;3;B;1
32894;1;0750;KAWASAKI;Z 750-S IE;2005;6;BS;7
32894;2;0125;KAWASAKI;KMX-B;2001;9;TS;1
32898;1;0500;PIAGGIO;MP3 LT BUSINESS ABS;2015;7;S32;5
32918;1;0600;YAMAHA;FZR-R;1994;3;SS;6
32965;1;0350;AEON;QUAD GOES S;2009;8;QM2;4
33026;1;1199;DUCATI;1199 PANIGALE S ABS;2012;3;HYS;11
33031;1;0600;HONDA;HORNET       (71KW);2005;3;SB;6
33229;1;0125;PIAGGIO;LIBERTY;2005;5;SGR;1
33232;6;0050;PEUGEOT;103;1983;1;B;0
33232;2;0650;YAMAHA;XJ;1982;8;B;7
33232;1;1000;HONDA;VTR SP2;2003;12;HYS;9
33232;3;1100;BMW;R1100GS;1996;1;TM;10
33232;4;0300;GAS GAS;EC ENDUCROSS;2000;12;EN;4
33232;5;0050;MOTOBECANE;AV79;1956;1;B;0
33243;1;0240;FANTIC MOTOR;TRIAL 245;1984;3;TR;1
33309;2;0125;HONDA;VT SHADOW;2000;2;CU;1
33309;1;0125;YAMAHA;MT-125;2015;7;B;1
33374;1;1100;DUCATI;HYPERMOTARD S;2008;3;SM;10
33473;1;01250000000000000;SUZUKI;TU125XT SUPER CLASSI;2000;11;B;1
33490;1;0600;HONDA;CB-F S ABS;2006;8;B;6
33497;1;0750;KAWASAKI;ZR-7 34CV;2002;7;B;7
33497;2;1000;SUZUKI;GSX 1000S ABS (FULL);2015;11;SB;9
33497;3;0750;KAWASAKI;"ZXR  ""STINGER""";1989;5;SS;7
33601;1;0050;MBK;OVETTO;2015;4;SCB;0
33622;1;0600;SUZUKI;BANDIT 34CV;2001;8;BS;6
33647;10;00500000000000000;YAMAHA;NEO'S;2015;7;SCB;0
33647;20;0050;YAMAHA;NEO'S;2016;4;SCB;0
33647;21;0050;YAMAHA;NEO'S;2016;4;SCB;0
33647;22;0050;YAMAHA;NEO'S;2016;4;SCB;0
33647;23;0050;YAMAHA;NEO'S;2016;4;SCB;0
33647;26;0125;PIAGGIO;VESPA PRIMAVERA 3V;2016;5;SCG;1
33647;30;0125;YAMAHA;X-MAX ABS;2015;5;SCS;1
33647;6;0050;PIAGGIO;ZIP;2016;6;SCB;0
33647;17;0050;PIAGGIO;ZIP;2016;4;SCB;0
33647;9;0050;YAMAHA;NEO'S;2015;7;SCB;0
33647;28;0125;PIAGGIO;VESPA PRIMAVERA 3V;2015;5;SCG;1
33647;35;0050;PIAGGIO;ZIP;2016;5;SCB;0
33647;1;0125;HONDA;PCX;2015;6;SGR;1
33647;2;01250000000000000;HONDA;PCX;2015;6;SGR;1
33647;3;0050;PEUGEOT;KISBEE 2T;2015;5;SCB;0
33647;4;0050;YAMAHA;NEO'S;2015;4;SCB;0
33647;8;0125;PIAGGIO;VESPA PRIMAVERA;2015;7;SCB;1
33647;11;0050;YAMAHA;NEO'S;2015;7;SCB;0
33647;12;00500000000000000;YAMAHA;NEO'S;2015;7;SCB;0
33647;15;01250000000000000;YAMAHA;CYGNUS X;2013;5;SCB;1
33647;16;0050;PIAGGIO;ZIP;2016;4;SCB;0
33647;18;0050;PIAGGIO;ZIP;2016;4;SCB;0
33647;19;0050;YAMAHA;NEO'S;2016;4;SCB;0
33647;24;0050;YAMAHA;NEO'S;2016;4;SCB;0
33647;25;0530;YAMAHA;T-MAX;2016;4;SCS;6
33647;27;0125;PIAGGIO;VESPA GTS SUPER;2015;5;SCB;1
33647;29;0125;YAMAHA;D'ELIGHT;2016;5;SCB;1
33647;7;0125;HONDA;PCX;2015;6;SGR;1
33647;13;0050;PIAGGIO;VESPA PRIMAVERA 2T;2015;7;SCB;0
33647;31;0125;HONDA;SH-I;2016;7;SGR;1
33647;32;0050;PIAGGIO;VESPA PRIMAVERA 2T;2016;6;SCB;0
33647;33;0050;PIAGGIO;VESPA PRIMAVERA 2T;2016;6;SCB;0
33647;34;0125;HONDA;FORZA (NSS125AD);2016;6;SCS;1
33647;36;0125;PIAGGIO;X EVO;2016;6;SCG;1
33708;2;0650;KAWASAKI;KLR;2001;10;T;7
33708;1;0400;HONDA;CM 400T;1980;5;CU;5
33752;1;0500;KAWASAKI;ER-5 (34CV);1998;11;B;5
33756;2;0250;HUSQVARNA;TE ENDURO;2007;4;EN;3
33776;1;0300;KAWASAKI;NINJA 300R ABS;2013;2;SS;4
33834;1;02500000000000000;HONDA;CB TWO FIFTY;1994;12;B;3
33843;1;06000000000000000;SUZUKI;BANDIT-S;2001;6;BS;6
33880;1;03000000000000000;HONDA;SH IE C-ABS;2015;7;SGR;3
33887;1;0850;YAMAHA;MT-09;2014;9;SB;8
33908;1;08000000000000000;BMW;R80RT MONOLEVER;1989;6;GT;8
33921;1;1000;SUZUKI;SV-S;2003;5;SS;9
33946;1;0650;SUZUKI;SV-S 34CV;2003;4;SS;7
33949;2;0125;SYM;XS;2015;7;B;1
33949;1;0050;SYM;ORBIT II;2014;5;SCB;0
33952;1;0800;MV AGUSTA;BRUTALE RR;2021;6;SB;8
33969;1;0750;KAWASAKI;Z 750-N IE;2007;10;SB;7
34011;1;0500;HONDA;"CB 500 ""PC32A"" 34CV";1996;6;B;5
34084;1;1200;HARLEY-DAVIDSON;SPORTSTER FORTY-EIGH;2015;1;B;11
34084;2;0750;IRBIT MOTO;URAL SPORTSMAN SIDE-;2005;8;SI;7
34084;3;1450;HARLEY-DAVIDSON;ROAD KING CLASSIC;2005;4;GT;13
34135;1;01250000000000000;HONDA;PCX;2010;11;SGR;1
34156;2;0900;TRIUMPH;THRUXTON IE;2011;5;B;8
34156;1;1000;MOTO GUZZI;V100 MANDELLO S;2023;3;BS;10
34156;3;1200;TRIUMPH;TROPHY;1998;10;GTS;11
34166;1;07000000000000000;YAMAHA;MT-07 MOTOCAGE;2015;7;BS;7
34181;1;1290;KTM;1290 SUPERDUKE GT;2020;7;BS;12
34181;2;1700;YAMAHA;MT-01;2005;3;BS;15
34181;3;0125;MOTOCONFORT;U46;1949;1;B;1
34181;4;0175;MOTOBECANE;BASIQUE TTES VERSION;1951;5;B;2
34242;1;00500000000000000;KYMCO;QUAD MXU;2009;7;QM1;1
34274;1;0300;KTM;EXC;2011;12;EN;4
34300;2;0700;HONDA;NC700SA C-ABS;2013;1;B;7
34336;1;0050;MASH;FIFTY;2017;5;B;1
34361;1;0650;SUZUKI;BANDIT 34CV;2005;4;BS;7
34390;1;1100;SUZUKI;GSX-R;1990;11;SS;10
34396;1;0450;KTM;EXC RACING MTT1;2007;1;EN;5
34523;1;0050;IMF;BIG PACH;2015;7;SCB;0
34582;1;1500;KAWASAKI;VN CLASSIC;1998;7;CU;13
34596;2;01250000000000000;SYM;GTS EFI;2012;10;SCG;1
34596;1;0125;SYM;GTS EFI;2012;10;SCG;1
34627;1;0700;YAMAHA;MT-07  35KW;2014;8;BS;7
34701;1;0600;YAMAHA;FZS FAZER 34CV;2002;9;BS;6
34769;1;0800;SUZUKI;MARAUDER (VZ);1997;10;CS;8
34773;1;0300;YAMAHA;QUAD GRIZZLY;2012;4;QM2;4
34777;1;0050;ZNEN;FLAMINGO VX;2015;8;SCB;0
34796;1;1000;HONDA;GOLDWING (GL);1979;5;B;9
34824;1;0125;KAWASAKI;KMX-B USAGE TT;2001;9;EN;1
34832;2;1400;SUZUKI;GSX;2005;2;B;13
34856;1;1200;YAMAHA;V-MAX;1989;10;CS;11
34896;2;0765;TRIUMPH;STREET TRIPLE RS;2017;9;SB;8
34896;3;07500000000000000;HONDA;CB-SEVEN FIFTY;1999;2;B;7
34896;4;1100;DUCATI;STREETFIGHTER V2 S;2009;5;SB;10
34906;1;0050;SKY TEAM;T-REX (VANVAN REPLIC;2010;10;B;0
34913;1;1200;TRIUMPH;TROPHY;1996;12;GTS;11
34967;1;1300;YAMAHA;FJR 1300;2001;4;GTS;12
34968;1;0050;SMC STANDARD MOTOR CORP;QUAD MASAI AXL;2015;7;QM1;1
34987;1;1150;BMW;R1150GS;2001;4;TM;11
34988;1;06000000000000000;YAMAHA;XTZ TENERE;1988;3;T;6
34989;1;0125;YAMAHA;XT-R;2008;4;T;1
34998;1;0750;SUZUKI;GSR;2011;7;SB;7
35007;1;0600;SUZUKI;GSX-R IE;2005;5;HYS;6
35023;1;0890;KTM;890 DUKE R;2024;6;SB;9
35043;1;1400;KAWASAKI;GTR;2012;3;GTS;12
35047;2;0125;PEUGEOT;TWEET;2014;5;SGR;1
35079;1;0650;SUZUKI;SV-N 34CV;2003;7;BS;7
35179;1;0660;YAMAHA;XT-X SM 34CV;2007;7;SM;7
35214;1;0600;HONDA;VT SHADOW;1997;4;CU;6
35308;2;05000000000000000;SUZUKI;GS-E;1995;9;B;5
35402;1;0800;TRIUMPH;TIGER ABS;2012;6;BS;8
35420;1;0600;YAMAHA;THUNDERCAT (YZF-R);1996;6;ST;6
35570;1;0125;KEEWAY;SILVERBLADE;2014;10;SCG;1
35577;1;0050;PEUGEOT;CITYSTAR;2015;7;SCG;0
35610;1;1200;BMW;R1200GS ABS  PACK;2014;1;TMR;11
35615;1;0050;VELOSOLEX;3800 S;1969;1;B;0
35710;1;01250000000000000;YAMAHA;YB-R;2012;2;B;1
35716;1;0125;HONDA;CM-C;1993;5;CU;1
35723;1;0800;YAMAHA;FZ8 R;2012;3;SB;8
35723;3;0600;YAMAHA;XJ6  34CV;2013;3;B;6
35763;1;0800;HONDA;VFR-F;1999;5;ST;8
35784;1;0125;SYM;GTS EFI;2015;7;SCG;1
35851;3;1200;HONDA;GOLDWING LTD;1986;8;GT;11
35851;1;0650;SUZUKI;SV-S 34CV;2001;7;SS;7
35851;2;0650;HONDA;SLR;1996;12;B;7
35951;1;0125;YAMAHA;VITY;2008;11;SCB;1
35991;2;0675;TRIUMPH;STREET TRIPLE R ABS;2014;9;SB;7
35991;3;0850;YAMAHA;MT-09 ABS (FULL);2017;1;SB;8
36060;1;0125;PIAGGIO;FLY IE 3V (NEW FLY);2016;4;SCB;1
36060;2;0696;DUCATI;MONSTER;2009;3;BS;7
36069;1;0125;MASH;SEVENTY FIVE;2015;8;B;1
36074;1;0750;KAWASAKI;Z 750-N IE;2012;9;SB;7
36113;2;0750;HONDA;AFRICA TWIN;2003;1;TM;7
36113;3;0250;YAMAHA;TT-R;2005;1;EN;3
36194;1;1250;BMW;R1250GS;2022;4;TMR;12
36300;1;0600;HONDA;TRANSALP +35KW;1989;5;TMR;6
36390;2;1700;TRIUMPH;THUNDERBIRD COMMANDE;2015;7;CS;15
36409;1;0650;SUZUKI;GLADIUS ABS;2015;8;BS;7
36525;3;0850;YAMAHA;MT-09 TRACER;2017;2;BS;8
36525;1;0750;HONDA;VT SHADOW;1997;7;CU;7
36525;4;0125;YAMAHA;YB-R;2011;10;B;1
36526;1;1500;HONDA;GOLD WING ASPENCADE;1992;4;GT;14
36545;2;0125;YAMAHA;TW;2000;6;T;1
36545;1;0500;HONDA;CB 500XA;2018;5;B;5
36616;1;0600;YAMAHA;XJ;1988;1;B;6
36626;1;0050;KYMCO;AGILITY CITY+  4T;2014;11;SGR;0
36630;1;0600;SUZUKI;BANDIT 34CV;2003;4;BS;6
36665;1;0125;PIAGGIO;VESPA GTS SPORT;2013;1;SCB;1
36731;2;0900;TRIUMPH;SPRINT SPORT;1998;10;RS;8
36731;1;0620;DUCATI;MONSTER IE;2002;1;BS;6
36733;3;0125;VESPA;SCOOTER ACMA;1953;5;SCB;1
36733;2;0125;PIAGGIO;VESPA PRIMAVERA ET3;1978;1;SCB;1
36733;1;1100;BMW;R1100RT;1999;7;GT;10
36733;4;0800;BMW;R80RT MONOLEVER;1987;2;GT;8
36788;1;0125;KEEWAY;RKV;2013;8;B;1
36802;1;06000000000000000;SUZUKI;"GSX-R ""MODIFIEE CIRC";1998;4;SS;6
36802;2;06750000000000000;TRIUMPH;STREET TRIPLE R ABS;2015;10;SB;7
36818;1;0650;ROYAL ENFIELD;CONTINENTAL GT;2021;7;B;7
36828;1;0320;YAMAHA;YZF-R3;2015;8;SS;4
36858;1;0650;SUZUKI;BANDIT IE;2008;6;BS;7
36915;1;1000;YAMAHA;R1 (YZF-R1);2001;1;HYS;9
37008;4;0750;SUZUKI;GSR ABS;2016;9;SB;7
37008;1;0600;SUZUKI;BANDIT;1997;6;BS;6
37130;1;0600;SUZUKI;BANDIT-S;2002;1;BS;6
37145;1;0600;HONDA;HORNET 34CV;2002;10;SB;6
37150;2;1200;HARLEY-DAVIDSON;SPORTSTER FORTY-EIGH;2011;10;B;11
37163;1;0300;PIAGGIO;MP3 LT;2010;6;S32;4
37185;1;0400;BOMBARDIER-BRP;QUAD OUTLANDER MAX;2007;5;QM2;5
37240;1;1000;YAMAHA;R1 IE (YZF-R1);2007;3;HYS;9
37240;2;0600;KAWASAKI;"ZX-6R NINJA ""MODIFIE";2007;12;SS;6
37267;1;0600;SUZUKI;BANDIT;2005;1;BS;6
37429;1;0125;PIAGGIO;VESPA PX;2015;8;SCB;1
37455;1;0125;APRILIA;RS4;2015;9;SS;1
37455;2;0650;KAWASAKI;NINJA 650 35KW;2018;4;SS;7
37459;1;0850;YAMAHA;MT-09;2014;5;SB;8
37505;2;0070;HONDA;DAX;1983;1;B;1
37505;4;0750;SUZUKI;GSX-F;1999;6;ST;7
37505;3;0070;HONDA;DAX;1983;10;B;1
37525;1;0800;KAWASAKI;Z800;2015;8;SB;8
37558;1;0675;TRIUMPH;STREET TRIPLE;2008;2;SB;7
37600;1;1000;BMW;S1000RR PACK PRO;2015;9;HYS;9
37677;3;0125;YAMAHA;YZF-R;2008;11;RS;1
37761;1;1200;DUCATI;MULTISTRADA V4 S SPO;2021;6;BS;12
37798;1;0050;IMF;NEW PACH;2015;9;SCB;0
37826;1;0050;HONDA;VISION;2014;1;SGR;0
37826;2;0110;HONDA;VISION;2018;12;SGR;1
37931;1;0125;PIAGGIO;MP3 IE TOURING;2010;8;SC3;1
37941;1;0500;YAMAHA;XT;1980;6;T;5
37966;1;0850;YAMAHA;MT-09 ABS;2016;5;SB;8
37980;3;0125;HONDA;MSX125;2014;8;B;1
37983;2;0650;SUZUKI;DR 650 SET;2001;8;T;7
37997;1;06000000000000000;HONDA;HORNET;2003;1;SB;6
38026;1;0650;KAWASAKI;Z650  35KW;2017;2;BS;7
38026;2;0500;HONDA;CB 500FA;2015;5;B;5
38062;1;00500000000000000;RIDE;CLASSIC;2014;12;SCB;0
38073;2;0650;HONDA;DOMINATOR;1995;6;T;7
38073;1;0125;HONDA;CB-K5;1974;5;B;1
38073;3;0700;BMW;F700GS (800CM3);2019;3;TMR;8
38121;1;1000;DUCATI;GT;2006;5;B;9
38123;1;0800;KAWASAKI;W800;2015;9;B;8
38134;1;08000000000000000;YAMAHA;FZ8;2011;1;SB;8
38135;1;0125;HONDA;PCX (WW125);2015;9;SGR;1
38140;1;0050;PIAGGIO;LIBERTY 4T;2015;9;SGR;0
38164;1;1000;HONDA;VARADERO IE;2005;5;TMR;9
38186;1;0300;BETAMOTOR;EVO 2T;2013;1;TR;4
38230;1;0125;YAMAHA;X-MAX;2006;7;SCS;1
38332;1;0800;KAWASAKI;"Z800 ""E""";2015;9;BS;8
38333;1;0450;HM;CRE-FX MTT1;2009;2;EN;5
38376;1;0600;SUZUKI;GSX-R IE;2009;10;HYS;6
38500;1;0690;KTM;DUKE ABS;2013;9;BS;7
38585;1;1000;BRP CAN-AM;CAN-AM SPYDER RS SE5;2010;8;TM2;9
38624;1;0500;GILERA;FUOCO;2007;7;SC3;5
38656;1;0125;LIFANG;RETRO;2009;11;SCB;1
38677;1;0600;SUZUKI;GSR;2008;8;SB;6
38750;1;0650;SUZUKI;V-STROM 34CV;2005;7;TMR;7
38769;1;0675;TRIUMPH;STREET TRIPLE;2011;1;SB;7
38794;1;1200;BMW;R1200GS ABS;2014;5;TMR;11
38794;2;1690;HARLEY-DAVIDSON;DYNA STREET BOB LIMI;2014;6;CU;15
38810;2;1200;HARLEY-DAVIDSON;SPORTSTER SPORT;1999;1;B;11
38810;4;1800;HONDA;GOLDWING CONFORT;2008;12;GT;16
38810;1;1130;HARLEY-DAVIDSON;NIGHT-ROD SPECIAL;2007;1;CS;10
38867;1;0600;SUZUKI;BANDIT;2003;3;BS;6
38981;1;0125;YAMAHA;MT-125 ABS;2015;9;B;1
38990;1;0125;PIAGGIO;X EVO;2011;9;SCG;1
39033;1;0600;SUZUKI;BANDIT;2001;4;BS;6
39121;1;1250;HARLEY-DAVIDSON;V-ROD ABS;2008;9;CS;11
39163;2;1800;HONDA;GOLDWING AIRBAG;2015;6;GT;16
39216;1;0500;PIAGGIO;MP3 LT BUSINESS;2013;9;S32;5
39265;1;0300;GAS GAS;EC RACING;2017;10;EN;4
39330;1;1200;BMW;R NINE T;2015;4;B;11
39331;1;0600;HONDA;HORNET S  34CV;2002;3;BS;6
39334;1;0650;KAWASAKI;VERSYS ABS;2020;9;B;7
39334;2;1000;KAWASAKI;NINJA SX;2022;3;ST;10
39423;1;0050;PEUGEOT;VIVACITY (NEW) 4T;2009;10;SCB;0
39493;1;0899;DUCATI;PANIGALE;2014;2;HYS;9
39511;1;0750;SUZUKI;GSX INAZUMA;2003;1;B;7
39511;3;0750;SUZUKI;GSX INAZUMA;1998;11;B;7
39511;2;0600;KAWASAKI;ZZR;2000;10;ST;6
39699;1;0675;TRIUMPH;STREET TRIPLE R ABS;2015;9;SB;7
39745;1;1150;BMW;R1150R ABS IS;2003;1;B;11
39754;2;00500000000000000;YIYING;WALLIBI;2009;1;SCB;0
39754;1;0750;SUZUKI;GSX-F;1992;8;ST;7
39844;1;0750;KAWASAKI;Z 750-N IE;2005;2;SB;7
39909;1;05000000000000000;YAMAHA;T-MAX IE TECH MAX;2012;7;SCS;5
39986;1;0125;PEUGEOT;DJANGO SPORT;2015;6;SCB;1
40206;1;1000;YAMAHA;R1 IE (YZF-R1);2002;8;HYS;9
40217;2;0400;SUZUKI;QUAD LT-Z SI HOMOLOG;2010;2;QM2;0
40224;1;0675;TRIUMPH;DAYTONA;2006;9;HYS;7
40419;1;0050;IMF;BIG PACH;2015;6;SCB;0
40457;1;0600;YAMAHA;FZS FAZER;1998;5;BS;6
40511;1;0050;EVO SXT;TROTTINETTE SXT H800;2015;9;B;0
40556;2;0690;KTM;SMC-R;2014;7;SM;7
40556;1;1300;BRP CAN-AM;CAN-AM SPYDER RT SE6;2014;2;TM2;12
40591;1;0800;YAMAHA;FZ8;2013;4;SB;8
40621;1;0050;LINTEX;VERONA;2017;6;SCB;0
40632;1;0050;PIAGGIO;FLY 2T;2015;10;SCB;0
40850;2;0748;DUCATI;STRADA BIPOSTO;1999;6;HYS;7
40850;4;0750;KAWASAKI;"GPZ ""ZX""";1983;6;RS;7
40850;1;0750;KAWASAKI;Z750L;1986;10;B;7
40991;1;0125;YAMAHA;DTLC;1988;4;T;1
40999;1;0800;KAWASAKI;Z800;2013;3;SB;8
41045;1;0050;JM MOTORS;OLDIES;2015;10;SCB;0
41115;1;0650;SUZUKI;SV-S 34CV;2002;7;SS;7
41129;1;07000000000000000;YAMAHA;MT-07 ABS;2014;7;BS;7
41234;1;0600;HONDA;HORNET;2001;5;SB;6
41250;1;0750;SUZUKI;GSR;2014;10;SB;7
41265;1;0650;SUZUKI;SV-N;1999;5;BS;7
41272;1;0500;KAWASAKI;EN 500 SUNSET;1996;6;CU;5
41306;4;10000000000000000;YAMAHA;FZS FAZER;2002;8;SB;9
41322;1;0300;SYM;GTS EVO;2011;8;SCG;3
41346;1;00500000000000000;PEUGEOT;SPEEDFIGHT X'TEAM;2006;1;SCS;0
41349;1;0675;TRIUMPH;STREET TRIPLE R;2009;4;SB;7
41349;2;0250;BETAMOTOR;EVO 2T;2009;4;TR;3
41406;1;0650;SUZUKI;BANDIT IE 34CV;2012;3;BS;7
41406;2;0675;TRIUMPH;STREET TRIPLE R;2011;4;SB;7
41414;1;0125;SUZUKI;BURGMAN IE;2018;5;SCG;1
41418;1;1125;BUELL;1125-R;2008;6;HYS;9
41454;1;0750;HONDA;CB-SEVEN FIFTY;1992;1;B;7
41494;2;0250;HM;CRE-X;2005;4;EN;3
41494;1;0600;YAMAHA;FZR;1994;4;ST;6
41539;1;06500000000000000;SUZUKI;SV-N;2003;5;BS;7
41547;1;0300;HONDA;SH IE ABS;2019;11;SGR;3
41665;1;0955;TRIUMPH;SPRINT RS;2000;11;ST;9
41705;3;00500000000000000;SHENKE;SILVER;2016;9;SCB;0
41721;1;0883;HARLEY-DAVIDSON;SPORTSTER;1997;3;B;9
41721;2;0650;SUZUKI;DR 650 RS;1992;6;T;7
41761;1;0650;KAWASAKI;ER-6N;2010;5;BS;7
41855;1;0796;DUCATI;MONSTER ABS  35KW;2012;10;BS;8
41920;1;0125;YAMAHA;TY (+15CV);1979;5;TR;1
41920;2;0500;ROYAL ENFIELD;BULLET CLASSIC EFI M;2015;6;B;5
41963;1;0650;SUZUKI;GLADIUS  34CV;2011;4;BS;7
41963;2;0600;SUZUKI;GSR;2010;5;SB;6
41984;1;0800;KAWASAKI;"Z800 ""E""";2017;6;BS;8
42012;1;1000;YAMAHA;R1 IE (YZF-R1);2002;10;HYS;9
42179;1;0900;POLARIS;SSV RZR XP;2013;3;QM2;8
42200;1;0250;GAS GAS;TXT PRO;2006;11;TR;3
42200;3;0125;YAMAHA;TY (+15CV);1983;1;TR;1
42200;2;0200;KTM;EXC MTT1;2009;5;EN;3
42207;1;0600;SUZUKI;BANDIT;1997;1;BS;6
42224;1;0125;HONDA;VARADERO IE;2008;7;TMR;1
42224;3;0800;SUZUKI;INTRUDER C800;2012;4;CS;8
42224;4;0300;KAWASAKI;Z300 ABS;2015;2;B;4
42273;1;1000;YAMAHA;FZS FAZER;2002;6;SB;9
42333;1;0883;HARLEY-DAVIDSON;SPORTSTER IRON ABS 3;2017;1;B;9
42396;1;1250;SUZUKI;BANDIT-S ABS;2009;3;BS;12
42405;1;0600;HONDA;HORNET IE C-ABS;2013;12;SB;6
42430;1;0050;DERBI;SENDA R X-TREME;2017;11;TS;0
42440;1;1100;HONDA;CB 1100 BADSEEDS;2015;10;B;10
42487;1;0800;HONDA;VFR-F V-TEC ABS;2002;8;ST;8
42519;1;0600;SUZUKI;BANDIT;2004;6;BS;6
42519;2;0800;HONDA;VFR-F V-TEC ABS;2007;10;ST;8
42538;1;04220000000000000;PIAGGIO;APE CALESSINO;2011;5;TM2;5
42546;1;0650;KAWASAKI;ER-6N;2014;11;BS;7
42557;1;0400;SUZUKI;DRZ-S;2002;2;TS;5
42557;2;0600;SUZUKI;GSX-R IE;2002;6;HYS;6
42726;1;0125;PIAGGIO;FLY IE;2014;12;SCB;1
42736;1;00500000000000000;TNT MOTOR;GRIDO;2012;1;SCS;0
42804;2;0650;KAWASAKI;ER-6N  35KW;2014;9;BS;7
42813;1;00500000000000000;PIAGGIO;VESPA PRIMAVERA 2T;2015;11;SCB;0
42883;1;1100;HONDA;PAN EUROPEAN;1992;8;GT;10
42906;1;0750;HONDA;AFRICA TWIN;1991;3;TM;7
42917;2;0500;HONDA;CB 500;1996;8;B;5
42917;3;0750;SUZUKI;GSR;2012;10;SB;7
42983;1;1250;BMW;R1250GS ADVENTURE EX;2020;7;TM;12
43032;1;1340;HARLEY-DAVIDSON;SOFTAIL HERITAGE;1997;3;CU;12
43032;2;0125;HARLEY-DAVIDSON;SXT;1976;11;T;1
43032;3;0125;PEUGEOT;SERIE 55;1949;6;B;1
43062;1;0600;HONDA;CB-F IE;2008;4;B;6
43062;2;1000;HONDA;CB 1000R;2010;3;SB;9
43062;3;1000;KAWASAKI;ZX-10R NINJA;2006;12;HYS;10
43117;1;0125;KTM;DUKE ABS;2013;11;B;1
43134;1;1000;SUZUKI;GSX 1000S ABS;2015;11;SB;9
43149;2;0050;HONDA;ZOOMER (NPS);2004;11;SCB;0
43149;4;0125;SACHS;ZZ SUPERMOTARD;2001;12;SM;1
43151;1;0500;YAMAHA;T-MAX IE;2007;5;SCS;5
43163;2;1700;YAMAHA;MT-01;2005;4;BS;15
43163;1;0700;YAMAHA;MT-07;2014;11;BS;7
43220;1;00500000000000000;PIAGGIO;ZIP;2012;1;SCB;0
43235;1;0600;SUZUKI;BANDIT;1998;9;BS;6
43324;2;1050;TRIUMPH;SPEED TRIPLE S;2017;7;SB;10
43344;1;0125;YAMAHA;YZF-R;2008;4;RS;1
43386;1;06000000000000000;YAMAHA;XJ6   35KW;2013;6;B;6
43401;1;0750;KAWASAKI;Z 750-N IE LIMITED E;2009;12;SB;7
43405;2;0650;KAWASAKI;Z650  35KW;2017;7;BS;7
43405;1;0125;KTM;DUKE ABS;2015;7;B;1
43482;1;0300;YAMAHA;TRICITY 300 (MWD300);2020;10;S32;4
43509;2;0500;PIAGGIO;MP3 LT BUSINESS;2013;4;S32;5
43509;3;0500;PIAGGIO;MP3 LT BUSINESS;2013;4;S32;5
43509;1;0800;BMW;F800GS;2010;6;TM;9
43584;1;1000;KAWASAKI;ZX-10R NINJA;2007;6;HYS;10
43660;2;0125;YAMASAKI;SCOOTER;2016;10;SCB;1
43660;1;0125;YAMASAKI;SCOOTER;2017;5;SCB;1
43709;2;0750;SUZUKI;GSX S750;2017;1;SB;7
43709;1;0400;SUZUKI;DRZ-S;2000;2;TS;5
43775;1;0050;JONWAY;SCOOTER;2015;11;SCB;0
43785;1;0600;HONDA;HORNET;2001;5;SB;6
43876;1;0650;SUZUKI;SV-N 34CV;2002;4;BS;7
43913;1;0050;PIAGGIO;ZIP;2011;4;SCB;0
44000;1;0125;SYM;GTS EVO;2010;10;SCG;1
44014;4;1000;DUCATI;GT;2008;10;B;9
44014;2;1098;DUCATI;STREETFIGHTER;2009;7;SB;10
44014;5;0695;DUCATI;MONSTER;2017;2;BS;7
44028;2;0900;TRIUMPH;THUNDERBIRD CLASSIC;1997;6;B;8
44028;1;0350;KTM;FREERIDE USAGE TT;2012;9;EN;4
44057;2;0600;YAMAHA;XTZ TENERE;1986;7;T;6
44057;3;0696;DUCATI;MONSTER;2009;5;BS;7
44121;1;0250;SHERCO;SE 2.5 FACTORY;2022;4;EN;3
44204;1;0800;YAMAHA;FZ8;2012;3;SB;8
44204;2;0800;YAMAHA;FZ8;2012;3;SB;8
44226;1;0675;TRIUMPH;STREET TRIPLE MODIFI;2009;3;SB;7
44226;2;0690;KTM;SUPERMOTO;2008;9;SM;7
44239;3;0850;YAMAHA;MT-09 TRACER;2016;10;BS;8
44389;1;0800;KAWASAKI;"Z800 ""E"" ABS";2015;12;BS;8
44396;1;0800;KAWASAKI;W800 SPECIAL EDITION;2012;8;B;8
44455;2;0125;YAMAHA;X-MAX ABS;2017;12;SCS;1
44548;1;1290;KTM;SUPER ADVENTURE S;2017;4;TMR;12
44617;1;0650;YAMAHA;DRAG STAR;1997;7;CU;7
44770;2;0125;DAELIM;ROADWIN;2006;7;BS;1
44770;1;1000;HONDA;CB 1000R;2010;6;SB;9
44823;1;0350;PIAGGIO;MP3 LT;2019;2;S32;4
44845;1;0650;KAWASAKI;ER-6N ABS 34CV;2011;4;BS;7
44942;2;00500000000000000;PEUGEOT;KISBEE RS 4T;2015;12;SCB;0
44959;1;0650;HONDA;CBR 650FA;2017;3;SS;7
44979;3;0550;TGB;QUAD BLADE SE;2011;8;QM2;5
44979;5;0250;HUSABERG;FE;2014;12;EN;3
44979;4;1584;HARLEY-DAVIDSON;DYNA SUPER GLIDE CUS;2013;10;CU;14
45014;1;0125;YAMAHA;TW;2003;5;T;1
45086;1;0435;PIAGGIO;APE TRIPORTEUR CLASS;2015;11;TM1;5
45121;1;0650;KAWASAKI;ER-6F  34CV;2010;2;SS;7
45123;1;09000000000000000;YAMAHA;TDM;2002;1;B;9
45248;14;00500000000000000;SYM;ORBIT II;2018;6;SCB;0
45248;11;0125;SYM;GTS;2017;6;SCG;1
45248;5;01250000000000000;SYM;GTS EFI;2003;7;SCG;1
45248;8;0050;SYM;ORBIT II;2016;7;SCB;0
45248;2;0125;SYM;FIDDLE III S;2014;11;SCB;1
45248;1;0125;SYM;GTS EFI;2013;7;SCG;1
45248;10;0125;SYM;FIDDLE III S;2017;6;SCB;1
45248;15;0125;SYM;GTS EFI SPORT EDITIO;2018;7;SCG;1
45249;1;0650;SUZUKI;GSX-F  34CV;2010;12;ST;7
45298;1;1000;SUZUKI;V-STROM;2002;11;TMR;9
45362;1;0500;HONDA;CB 500 34CV;1996;3;B;5
45439;1;0050;GILERA;STALKER;2000;9;SCS;0
45443;2;0125;PEUGEOT;TWEET;2012;12;SGR;1
45456;1;0600;DUCATI;MONSTER DARK 34CV;2001;9;BS;6
45493;1;0600;YAMAHA;FZS FAZER;1998;8;BS;6
45521;2;0650;BMW;C600 SPORT 35KW;2013;2;SCS;7
45521;1;1000;BMW;K100RS;1986;2;GTS;9
45610;2;0650;SUZUKI;V-STROM;2005;10;TMR;7
45791;1;0600;HONDA;CBR 600F;2012;7;SS;6
45821;1;0125;DAFIER;BASIQUE 8A;2007;7;B;1
45934;4;0125;MOTORBIKE;YZE (MTL);2016;3;EN;1
45934;3;0500;POLARIS;QUAD OUTLAW E;2006;8;QM2;5
46000;1;1200;HARLEY-DAVIDSON;SPORTSTER FORTY-EIGH;2015;12;B;11
46008;1;0250;YAMAHA;QUAD YFM BEARTRACKER;2008;2;QM2;1
46040;1;0125;YAMAHA;X-MAX;2008;6;SCS;1
46076;2;1300;SUZUKI;"B-KING ABS ""FULL""";2008;8;SB;12
46095;1;0955;TRIUMPH;DAYTONA IE T595;2003;9;SS;9
46152;3;0250;KTM;EXC-F;2024;5;EN;3
46167;1;0250;YAMAHA;TRICKER (XG) USAGE T;2005;7;TR;3
46197;1;0750;HONDA;INTEGRA (NC750D);2017;1;SGR;7
46213;1;00500000000000000;KYMCO;AGILITY NAKED RS;2015;5;SCS;0
46217;1;1584;EML;TRIKE MANHATTAN (HAR;2007;5;TM2;14
46231;1;0050;PIAGGIO;FLY 2T;2014;12;SCB;0
46273;2;12900000000000000;KTM;SUPERDUKE R SE;2016;6;SB;12
46273;1;0750;KAWASAKI;Z 750-N IE;2006;9;SB;7
46298;5;1690;HARLEY-DAVIDSON;STREET GLIDE ABS;2011;7;GT;15
46298;6;0883;HARLEY-DAVIDSON;SPORTSTER DE LUXE;1994;7;B;9
46298;4;1584;HARLEY-DAVIDSON;DYNA STREET BOB;2012;7;CU;14
46390;1;00500000000000000;RIEJU;RR;2001;1;TS;0
46409;2;0650;HONDA;DOMINATOR;1997;8;T;7
46416;1;0600;SUZUKI;BANDIT-S 34CV;2000;10;BS;6
46521;1;0600;SUZUKI;BANDIT;1997;6;BS;6
46548;1;0600;HONDA;CB-F S IE ABS;2010;7;B;6
46557;1;1000;HONDA;CBR1000F;1989;9;ST;9
46583;1;09550000000000000;TRIUMPH;DAYTONA IE T595;1998;3;SS;9
46609;1;0900;TRIUMPH;THUNDERBIRD SPORT;2000;7;B;9
46612;1;0125;PIAGGIO;VESPA PX;2015;12;SCB;1
46617;3;04000000000000000;HONDA;CB-T;1979;1;B;4
46617;1;0800;BMW;R80GS MONOLEVER;1986;1;TM;8
46617;2;0883;HARLEY-DAVIDSON;SPORTSTER;1995;3;B;9
46775;1;1000;YAMAHA;R1 IE (YZF-R1)60TH A;2017;5;HYS;9
46834;1;0050;YIYING;CITY RUNNER;2012;1;SCB;0
46891;1;0050;KYMCO;AGILITY CITY  2T;2012;1;SGR;0
46901;2;0350;QUADRO VEHICLES;QUADRO 3D;2012;4;S32;4
46901;1;0125;PIAGGIO;X8;2004;3;SCG;1
46917;1;1000;APRILIA;RS-V MILLE;2000;3;SS;9
46972;1;0500;RENLI;SSV SIROCCO;2008;5;QM2;5
47082;1;0750;HONDA;INTEGRA (NC750D);2014;5;SGR;7
47091;3;0050;KYMCO;DINK;2011;2;SCG;0
47091;2;0750;HONDA;VFR-F;1993;2;ST;7
47091;1;1200;YAMAHA;FJ;1990;5;RS;11
47091;4;1000;HONDA;CBR1000F;1992;11;ST;9
47179;1;0800;POLARIS;QUAD SPORTSMAN SPX;2007;6;QM2;8
47292;1;0500;HONDA;CB 500 34CV;1997;9;B;5
47378;1;0900;KAWASAKI;Z900 RS;2019;3;B;9
47715;1;0650;KAWASAKI;ER-6N ABS  35KW;2013;5;BS;7
47788;1;0300;PIAGGIO;MP3 LT;2013;10;S32;4
47795;1;0500;HONDA;"CB ""MODIFEE CIRCUIT""";1998;11;B;5
47795;3;0800;HONDA;VFR-F V-TEC ABS;2014;6;ST;8
47881;1;0800;KAWASAKI;"Z800 ""E""  35KW";2015;2;BS;8
47904;1;0300;GAS GAS;EC ENDUCROSS MTT1;2004;1;EN;4
47918;1;1000;HONDA;VARADERO;2001;5;TMR;9
47918;2;0125;YAMAHA;DTLC;1987;10;T;1
47936;1;0750;HONDA;VFR-F;1995;2;ST;7
48008;1;1200;DUCATI;DIAVEL CARBON;2016;1;CS;11
48027;2;0750;SUZUKI;GSX-R IE;2010;4;HYS;7
48029;1;0050;LINHAI;STREET STAR;2006;10;SCB;0
48038;1;0250;KYMCO;QUAD KXR MONGOOSE;2005;1;QM2;3
48144;1;0050;PIAGGIO;ZIP;2012;7;SCB;0
48164;1;0600;YAMAHA;FZ6-S FAZER;2006;10;BS;6
48255;1;1000;HONDA;AFRICA-TWIN;2018;1;TM;9
48313;1;0125;YAMAHA;TDR;1998;9;TS;1
48313;2;0125;YAMAHA;TDR;1990;1;TS;1
48329;1;0500;KAWASAKI;ER-5;1997;3;B;5
48343;1;1100;HONDA;NT 1100D DCT;2023;3;GT;10
48343;2;0600;HONDA;"CBR-RR IE ""MODIFIEE";2009;7;HYS;6
48389;13;01250000000000000;MASAI;SCRAMBLER 2017;2018;7;B;1
48389;2;0900;TRIUMPH;SCRAMBLER IE;2007;12;B;8
48389;3;0350;KTM;FREERIDE USAGE TT;2014;10;EN;4
48389;10;0050;MASAI;BLACK ROD;2016;7;B;0
48389;5;0125;MASH;CAFE RACER;2014;6;B;1
48389;8;0070;HONDA;DAX;1990;9;B;1
48389;11;0125;HONDA;MONKEY (Z125MA);2019;11;B;1
48389;1;1200;TRIUMPH;THRUXTON R;2016;4;B;11
48389;4;0125;BULTACO;SHERPA;1976;12;TR;1
48389;7;0500;YAMAHA;XT;1990;11;T;5
48389;12;0125;FANTIC MOTOR;CABALLERO  SCRAMBLER;2020;7;T;1
48389;14;0535;ROYAL ENFIELD;CONTINENTAL GT;2016;3;B;6
48389;15;0050;PIAGGIO;CIAO;1981;1;B;0
48519;2;1000;APRILIA;TUONO V4R APRC;2011;12;SB;9
48582;1;0400;KAWASAKI;Z400;1980;7;B;5
48582;4;0125;HONDA;CB-K4;1972;5;B;1
48582;3;0750;KAWASAKI;Z 750-S IE;2005;8;BS;7
48672;1;0650;KAWASAKI;ER-6N ABS 34CV;2008;1;BS;7
48733;1;1200;YAMAHA;V-MAX;1990;6;CS;11
48740;3;1000;SUZUKI;GSX-R;2001;6;HYS;9
48753;1;0600;SUZUKI;GSR;2006;7;SB;6
48777;1;0500;HONDA;CB 500S;2003;5;B;5
48872;1;0675;TRIUMPH;STREET TRIPLE;2008;8;SB;7
48881;1;0125;HONDA;CBR;2006;2;RS;1
48917;1;0750;KAWASAKI;Z 750-N IE;2011;5;SB;7
48922;1;0125;KYMCO;DINK STREET;2010;5;SCG;1
48983;2;0750;SUZUKI;GSR;2011;5;SB;7
48983;1;0500;HONDA;CB 500FA;2013;11;B;5
48991;1;0750;SUZUKI;GSR ABS;2012;1;SB;7
48999;1;0500;HONDA;CB 500XA;2016;2;B;5
49014;1;0570;POLARIS;QUAD SPORTSMAN FORES;2016;2;QM2;6
49057;1;0250;KYMCO;QUAD MAXXER;2015;11;QM2;3
49087;1;0500;POLARIS;QUAD SPORTSMAN E;2008;5;QM2;5
49109;2;0675;TRIUMPH;STREET TRIPLE RX;2015;1;SB;7
49118;1;1340;HARLEY-DAVIDSON;SOFTAIL CUSTOM;1992;6;CU;12
49118;2;0650;SUZUKI;BURGMAN EXECUTIVE;2008;1;SCG;7
49149;1;0250;TM RACING;ENDURO 4T;2016;12;EN;3
49192;3;01250000000000000;SYM;GTS EVO;2010;1;SCG;1
49226;1;1000;BMW;S1000R;2025;5;SB;9
49405;1;0650;KAWASAKI;ER-6N;2014;7;BS;7
49468;2;0500;SUZUKI;GS-E;1989;10;B;5
49468;3;1200;BMW;R1200RT;2008;3;GT;11
49479;1;0125;BMW;C EVOLUTION (ELECTRI;2014;5;SCG;2
49508;1;0500;KAWASAKI;GPZ-S;1990;1;RS;5
49529;1;0650;SUZUKI;BANDIT IE 34CV;2009;1;BS;7
49537;3;0600;HONDA;HORNET IE;2008;8;SB;6
49621;1;0300;GAS GAS;EC ENDUCROSS MTT1;2010;9;EN;4
49655;1;1800;HONDA;GOLDWING F6B 40TH;2016;2;GT;16
49708;3;1050;TRIUMPH;SPEED TRIPLE;2007;4;SB;10
49802;1;1000;YAMAHA;FZ1 FAZER;2009;9;BS;9
49822;1;0800;MASAI;QUAD S800 CROSSOVER;2011;8;QM2;7
49846;1;0050;KYMCO;AGILITY;2007;12;SCB;0
49930;2;1000;YAMAHA;R1 IE (YZF-R1);2004;4;HYS;9
49968;1;0650;SUZUKI;SV-S 34CV;2001;3;SS;7
49979;1;0050;MBK;NITRO NAKED;2008;1;SCS;0
50031;1;1000;KAWASAKI;Z1000 IE;2005;5;SB;9
50050;1;0600;SUZUKI;"GSX-R ""MODIFIEE CIRC";2010;1;SS;6
50057;2;0300;PIAGGIO;MP3 LT TOURING;2011;10;S32;4
50059;1;1800;SUZUKI;INTRUDER M1800R (VZ-;2012;3;CS;16
50059;2;1000;KAWASAKI;Z1000 IE;2008;1;SB;9
50059;5;0900;HONDA;CBR-RR FIREBLADE;1999;2;HYS;9
50071;1;1340;HARLEY-DAVIDSON;DYNA SUPER GLIDE;1995;9;CU;12
50153;1;0600;YAMAHA;XTE;1995;8;T;6
50159;1;0600;HONDA;HORNET IE;2007;10;SB;6
50190;1;0300;BETAMOTOR;XTRAINER;2016;2;EN;4
50190;2;1200;TRIUMPH;BONNEVILLE T120;2017;6;B;11
50313;2;0950;SUZUKI;GSX 950S;2023;4;BS;9
50313;1;0650;SUZUKI;SV-N;1999;2;BS;7
50454;1;0750;KAWASAKI;Z 750-N IE;2004;7;SB;7
50522;1;1450;HARLEY-DAVIDSON;ROAD KING CLASSIC;2005;2;GT;13
50564;1;0700;YAMAHA;TENERE 700 WORLD RAI;2023;5;TM;7
50581;1;0800;YAMAHA;FZ8-S FAZER;2012;7;BS;8
50691;1;0900;KAWASAKI;Z900 ABS;2019;3;SB;9
50693;1;0800;HONDA;VFR-F V-TEC ABS;2008;4;ST;8
50733;1;1200;KAWASAKI;ZRX;2002;8;BS;11
50833;3;0250;KYMCO;QUAD MAXXER;2008;10;QM2;3
50833;1;1000;ACM;CBR SIDE-CAR ORION;1998;8;SI;9
50833;2;0300;KYMCO;QUAD MXU R;2011;7;QM2;4
50970;1;0600;HONDA;CBR-RR IE;2007;3;HYS;6
50994;1;0650;KAWASAKI;ER-6N;2012;1;BS;7
51002;1;0750;MOTO GUZZI;V7 II STORNELLO;2016;3;B;7
51037;3;0600;HONDA;HORNET IE;2007;4;SB;6
51037;4;0750;SUZUKI;GSX-R IE;2008;6;HYS;7
51037;6;0125;HONDA;PCX;2015;4;SGR;1
51037;7;0250;GAS GAS;EC ENDUCROSS;2007;4;EN;3
51037;8;0600;HONDA;CBR-RR IE;2003;1;HYS;6
51108;1;0650;SUZUKI;BANDIT ABS 34CV;2007;4;BS;7
51273;1;0750;SUZUKI;GSR;2012;1;SB;7
51286;1;0530;YAMAHA;T-MAX;2012;1;SCS;6
51305;2;06000000000000000;KAWASAKI;ZX-6R NINJA;2000;6;SS;6
51314;1;0750;KAWASAKI;Z 750-N IE 34CV;2005;1;SB;7
51334;1;0400;SUZUKI;GSX400S;1984;4;B;5
51355;1;0125;HONDA;PCX;2016;3;SGR;1
51420;1;0821;DUCATI;HYPERMOTARD  70KW;2014;11;SM;8
51429;1;0350;KTM;EXC-F MTT1;2019;1;EN;4
51470;1;1100;HONDA;CB 1100;2014;1;B;10
51476;1;0125;HONDA;VARADERO;2006;4;TMR;1
51509;4;0125;HONDA;GLR;2017;6;B;1
51509;3;06900000000000000;KTM;DUKE R (SM);2011;6;SM;7
51520;2;1000;YAMAHA;THUNDERACE (YZF-R);1999;7;SS;9
51520;1;0600;SUZUKI;GSX-R;1999;5;SS;6
51520;4;1700;YAMAHA;V-MAX;2011;8;CS;16
51520;3;0500;KAWASAKI;GPZ-S 34CV;1996;7;RS;5
51556;1;0125;KTM;DUKE ABS;2014;3;B;1
51627;1;0400;TGB;QUAD AVENGER;2008;1;QM2;5
51734;2;0700;YAMAHA;MT-07 ABS;2019;1;BS;7
51758;1;0050;PIAGGIO;TYPHOON;2000;10;SCS;0
51771;1;0765;TRIUMPH;STREET TRIPLE RS;2017;4;SB;8
51796;1;0600;HONDA;HORNET;2001;8;SB;6
51813;2;0600;SUZUKI;DR600S;1987;6;T;6
51947;1;11000000000000000;MOTO GUZZI;CALIFORNIA IE VINTAG;2007;9;CU;10
51947;2;03500000000000000;YAMAHA;XT;1990;5;T;4
51966;3;0700;YAMAHA;MT-07 ABS 35KW;2017;5;BS;7
51966;1;1800;HONDA;GOLDWING CONFORT;2012;1;GT;16
51966;2;0500;HONDA;CB 500FA;2014;10;B;5
51972;1;0650;SUZUKI;BANDIT IE 34CV;2008;9;BS;7
52043;4;0600;SUZUKI;BANDIT-Z 34CV;2000;5;BS;6
52043;1;0125;YAMAHA;TDR;1995;3;TS;1
52043;3;0125;BETAMOTOR;RR MOTARD SM;2008;12;SM;1
52058;1;0500;BOMBARDIER-BRP;QUAD CAN-AM OUTLANDE;2013;9;QM2;5
52103;1;0650;SUZUKI;GLADIUS;2011;3;BS;7
52107;1;00500000000000000;MOTOBECANE;40T;1970;1;B;0
52133;1;0600;KAWASAKI;ZZR;1993;10;ST;6
52133;2;0125;HONDA;NSR;1991;7;SS;1
52200;1;0650;BMW;C650 GT;2013;5;SCG;7
52207;1;0675;TRIUMPH;STREET TRIPLE R;2011;5;SB;7
52225;1;1200;TRIUMPH;DAYTONA;1994;11;ST;11
52261;2;1000;BMW;S1000RR (FULL);2015;7;HYS;9
52266;1;1200;BMW;R1200RT;2016;3;GT;11
52307;1;0650;SUZUKI;GLADIUS;2015;3;BS;7
52343;2;0090;SUZUKI;QUAD Z90;2011;1;QU;0
52343;4;0125;MOTOCONFORT;MOBYSCOOT;2005;6;SCB;1
52343;1;0085;SUZUKI;RM;2016;5;CR;1
52343;3;0700;KAWASAKI;QUAD KVF NON HOMOLOG;2004;1;QU;0
52343;5;0250;QUADDY;QUAD YAMAHA YMF-R;2009;7;QM2;3
52351;1;0800;YAMAHA;FZ8-S FAZER ABS;2010;7;BS;8
52481;1;01250000000000000;YAMAHA;X-MAX ABS;2016;3;SCS;1
52538;1;1100;DUCATI;MONSTER EVO;2011;9;BS;10
52571;1;0650;SUZUKI;DR 650 RER;2000;9;T;7
52578;1;0600;SUZUKI;BANDIT 34CV;1999;8;BS;6
52603;1;0050;TNT MOTOR;ROMA;2016;3;SCB;0
52652;1;0800;DUCATI;SCRAMBLER CLASSIC;2016;3;B;8
52655;1;0500;HONDA;CB 500;1995;10;B;5
52657;2;0125;YAMAHA;TDR;2003;3;TS;1
52657;3;0050;YAMAHA;CHAPPY;2014;11;B;1
52657;1;1200;DUCATI;DIAVEL;2014;11;CS;11
52657;4;1200;BMW;R1200GS ABS;2016;5;TMR;11
52678;1;0600;YAMAHA;FZS FAZER;2002;3;BS;6
52698;1;00500000000000000;YAMASAKI;PRO50;2015;7;SS;0
52799;1;1100;KAWASAKI;ZZR;1990;6;ST;10
52805;1;0600;SUZUKI;GSR;2007;6;SB;6
52858;1;0883;HARLEY-DAVIDSON;SPORTSTER IRON;2010;4;B;9
52866;1;1300;SUZUKI;"GSX-R ""HAYABUSA""";2000;10;ST;12
52869;1;0750;SUZUKI;GSX-R IE;2004;4;HYS;7
52869;2;1200;HARLEY-DAVIDSON;SPORTSTER NIGHTSTER;2010;8;B;11
52943;4;0050;PEUGEOT;E-VIVACIY (ELECTRIQU;2014;7;SCG;0
52943;3;0050;PEUGEOT;E-VIVACIY (ELECTRIQU;2014;7;SCG;0
52971;1;1000;YAMAHA;"R1 IE ""MODIFIEE CIRC";2019;5;HYS;9
53005;2;1200;BMW;R1200RT;2015;11;GT;11
53005;4;0800;BMW;F800R ABS 34CV;2009;9;B;9
53017;1;0050;PIAGGIO;ZIP;2016;3;SCB;0
53041;1;1000;HONDA;CB 1000RA ABS;2009;5;SB;9
53089;1;0050;PEUGEOT;E-VIVACIY (ELECTRIQU;2014;5;SCG;0
53089;6;0050;PEUGEOT;E-VIVACIY (ELECTRIQU;2014;5;SCG;0
53089;25;0125;BMW;C EVOLUTION (ELECTRI;2017;7;SCG;2
53089;7;0050;PEUGEOT;E-VIVACIY (ELECTRIQU;2014;5;SCG;0
53089;26;0125;BMW;C EVOLUTION (ELECTRI;2017;7;SCG;2
53089;28;0125;BMW;C EVOLUTION (ELECTRI;2017;7;SCG;2
53089;2;0050;PEUGEOT;E-VIVACIY (ELECTRIQU;2014;5;SCG;0
53089;3;0050;PEUGEOT;E-VIVACIY (ELECTRIQU;2014;5;SCG;0
53089;5;0050;PEUGEOT;E-VIVACIY (ELECTRIQU;2014;5;SCG;0
53089;8;0050;PEUGEOT;E-VIVACIY (ELECTRIQU;2014;5;SCG;0
53089;24;0125;BMW;C EVOLUTION (ELECTRI;2017;7;SCG;2
53089;27;0125;BMW;C EVOLUTION (ELECTRI;2017;7;SCG;2
53089;29;0125;BMW;C EVOLUTION (ELECTRI;2014;4;SCG;2
53097;1;06000000000000000;YAMAHA;XTZ TENERE USAGE TT;1985;1;EN;6
53177;1;0125;KTM;EXC;2009;6;EN;1
53184;2;0125;YAMAHA;X-MAX BUSINESS ABS;2014;1;SCS;1
53184;1;1450;HARLEY-DAVIDSON;HERITAGE SOFTAIL CLA;2002;9;CU;13
53196;1;0125;YAMAHA;WR-X;2010;6;SM;1
53332;1;0900;YAMAHA;XJS DIVERSION GT;1998;10;GT;8
53343;5;0650;HONDA;NTV;1993;8;B;7
53343;2;1300;KAWASAKI;Z1300 INJECTION;1985;12;B;12
53343;1;1000;MARTIN;CBX MODIFIEE;1983;1;RS;10
53343;3;1300;KAWASAKI;Z1300 INJECTION;1985;1;B;12
53343;4;1300;KAWASAKI;Z1300;1983;1;B;12
53353;1;0600;SUZUKI;BANDIT-S 34CV;2000;5;BS;6
53521;1;0600;HONDA;HORNET       (70KW);2003;4;SB;6
53564;1;0125;YAMAHA;XV VIRAGO;1997;4;CU;1
53564;2;0125;YAMAHA;X-MAX;2010;1;SCS;1
53564;3;0050;VELOSOLEX;3800;1967;1;B;0
53566;1;0050;PEUGEOT;ELYSTAR;2008;12;SCG;0
53645;1;04000000000000000;SUZUKI;DRZ-S;2000;7;TS;5
53657;1;0650;KAWASAKI;ER-6F ABS;2016;4;SS;7
53818;1;0700;KYMCO;SSV UXV ESSENTIEL;2015;6;QM2;7
53996;1;15840000000000000;HARLEY-DAVIDSON;DYNA FAT BOB;2011;5;CU;14
54029;1;0750;KAWASAKI;"ZXR  ""STINGER""";1990;12;SS;7
54102;1;0600;HONDA;HORNET IE;2009;6;SB;6
54200;1;0600;YAMAHA;R6 IE (YZF-R6);2011;1;HYS;6
54207;2;0650;SUZUKI;GSX-F  34CV;2012;3;ST;7
54210;1;0600;YAMAHA;R6 (YZF-R6);2003;9;HYS;6
54211;1;0954;HONDA;CBR-RR FIREBLADE;2002;2;HYS;9
54308;2;0650;SUZUKI;DR 650 RSE;1992;10;T;7
54308;1;0955;TRIUMPH;SPRINT RS;2000;2;ST;9
54333;1;0800;KAWASAKI;"Z800 ""E""  35KW";2016;4;BS;8
54380;2;0125;YCF;PIT (DIRT) BIKE F-ST;2016;7;CR;0
54380;4;0150;YCF;PIT (DIRT) BIKE FACT;2016;1;CR;0
54380;6;0125;YAMAHA;SR;1992;8;CU;1
54380;7;0535;YAMAHA;XV VIRAGO;1992;9;CU;6
54380;3;0500;HONDA;CB 500FA;2023;9;B;5
54380;8;0050;DUCATI;TT;1976;1;T;0
54385;1;1000;SUZUKI;GSX-R;2007;11;HYS;9
54390;1;0300;SHERCO;SE-R 3.0;2021;2;EN;4
54390;2;0796;DUCATI;MONSTER  35KW;2012;1;BS;8
54422;2;1000;YAMAHA;R1 (YZF-R1);2001;6;HYS;9
54468;1;0700;YAMAHA;MT-07 ABS 35KW;2016;4;BS;7
54490;2;0750;KAWASAKI;Z 750-N IE;2009;4;SB;7
54490;1;0750;KAWASAKI;ZR-7 S;2002;6;B;7
54504;1;1000;HONDA;CBR1000F DUAL CBS;1993;4;ST;9
54515;1;01250000000000000;KYMCO;ZING;1999;3;CU;1
54539;1;00500000000000000;PIAGGIO;ZIP;2016;7;SCB;0
54558;1;1800;HONDA;GOLDWING;2005;4;GT;16
54608;1;0650;KAWASAKI;ER-6N;2009;2;BS;7
54608;2;0650;SUZUKI;BANDIT IE 34CV;2008;1;BS;7
54656;1;0675;TRIUMPH;STREET TRIPLE  ABS;2014;9;SB;7
54671;2;0620;DUCATI;MONSTER IE DARK;2004;7;BS;6
54715;2;1000;APRILIA;RS-V MILLE;2003;1;SS;9
54731;1;0050;DERBI;GPR RACING;2011;1;SS;0
54843;1;0650;KAWASAKI;ER-6N  35KW;2013;1;BS;7
54848;1;0650;KAWASAKI;ER-6F  34CV;2006;7;SS;7
54888;1;0650;KAWASAKI;ER-6N 34CV;2007;3;BS;7
54929;2;0125;HONDA;CB 125F;2016;4;B;1
54929;1;0050;SKY TEAM;SKYMAX (DAX REPLICA);2010;8;B;0
54938;1;0300;KAWASAKI;NINJA 300R;2014;3;SS;4
54961;1;0600;YAMAHA;XJ6  34CV;2009;12;B;6
54988;2;0883;HARLEY-DAVIDSON;SPORTSTER;1988;10;B;9
54988;4;0900;YAMAHA;XJS DIVERSION;1994;11;GT;8
54992;2;1250;SUZUKI;BANDIT;2007;9;BS;12
55020;1;0750;HONDA;VF-C;1987;4;CS;7
55025;1;0500;PIAGGIO;MP3 LT BUSINESS;2012;11;S32;5
55132;1;0125;YAMAHA;YZF-R;2010;1;RS;1
55143;1;0600;YAMAHA;FZS FAZER;1999;12;BS;6
55208;1;0600;BMW;R60/6;1976;7;B;6
55310;1;1200;BMW;R1200GS ABS;2011;6;TMR;11
55362;1;00500000000000000;PIAGGIO;VESPA SPRINT 2T;2015;4;SCB;0
55451;1;0125;RIEJU;MARATHON PRO;2012;8;T;1
55503;2;1200;BMW;R1200RT PACK;2017;10;GT;11
55508;1;1200;BMW;R1200GS ADVENTURE AB;2014;7;TMR;11
55546;1;0600;BMW;R60/6;1975;9;B;6
55615;1;0600;YAMAHA;FZS FAZER 34CV;2000;5;BS;6
55615;2;0125;HONDA;CB 125F;2022;6;B;1
55624;1;0300;AEON;SSV CUBE;2014;8;QM2;4
55653;1;06000000000000000;HONDA;HORNET IE;2011;6;SB;6
55655;1;0400;HONDA;CM-T;1980;12;CU;5
55693;2;0750;HONDA;TRANSALP XL750;2023;8;TM;7
55707;1;06000000000000000;SUZUKI;BANDIT;2000;1;BS;6
55852;1;0400;SUZUKI;BURGMAN;2003;9;SCG;5
55909;1;0900;YAMAHA;TDM;2010;1;B;9
55947;1;0650;KAWASAKI;ER-6N  35KW;2012;6;BS;7
55958;1;0600;HONDA;HORNET  34CV (COMPAT;2000;4;SB;6
56044;3;0750;HONDA;VF-F;1983;12;RS;7
56044;1;0900;TRIUMPH;BONNEVILLE IE SPIRIT;2016;4;B;8
56120;1;0600;KAWASAKI;ZZR;2002;8;ST;6
56143;1;0600;YAMAHA;R6 (YZF-R6);2001;9;HYS;6
56148;1;0125;SUZUKI;VANVAN (RV125);2012;5;T;1
56201;2;0600;YAMAHA;R6 IE (YZF-R6);2017;6;HYS;6
56232;1;05000000000000000;HONDA;CB 500F;2013;11;B;5
56268;1;0400;HONDA;SILVER WING (FJS);2006;1;SCG;4
56280;1;0750;KAWASAKI;Z 750-N IE;2006;7;SB;7
56295;1;1100;SUZUKI;GSX1100G;1991;7;B;10
56360;12;0883;HARLEY-DAVIDSON;SPORTSTER IRON;2013;10;B;9
56360;4;0050;PEUGEOT;KISBEE RS 2T;2016;5;SCB;0
56360;7;0650;BMW;F650GS;2006;2;T;7
56360;3;0650;SUZUKI;V-STROM ABS;2010;9;TMR;7
56360;6;0700;BMW;F700GS;2015;9;TMR;8
56360;9;0125;MBK;SKYCRUISER;2013;5;SGR;1
56360;10;0750;HONDA;INTEGRA S (NC750D);2016;6;SGR;7
56360;1;0700;HONDA;NC700XA;2013;4;B;7
56360;2;0700;YAMAHA;MT-07 TRACER;2017;3;B;7
56360;5;1200;BMW;R1200GS;2013;3;TMR;11
56430;1;0050;SKY TEAM;DINGO (DAX REPLICA);2016;5;B;0
56432;2;0900;TRIUMPH;DAYTONA;1993;1;ST;8
56486;1;0600;SUZUKI;BANDIT 34CV;1995;11;BS;6
56507;1;10000000000000000;YAMAHA;R1 (YZF-R1);1999;6;HYS;9
56508;1;1100;DUCATI;HYPERMOTARD EVO;2010;4;BS;10
56508;2;0600;HONDA;"CBR ""MODIFIEE CIRCUI";1991;1;SS;0
56538;1;1150;BMW;R1150GS ADVENTURE;2003;5;TM;11
56547;1;0750;APRILIA;SHIVER 35KW;2012;8;BS;7
56547;2;0250;KAWASAKI;KR-1S;1991;7;SS;3
56585;1;1300;BMW;K1300GT (FULL);2010;11;GTS;12
56609;1;1300;HONDA;CB-S C-ABS;2011;3;BS;12
56630;1;0600;HONDA;HORNET       (71KW);2006;8;SB;6
56660;1;05300000000000000;YAMAHA;T-MAX;2016;5;SCS;6
56660;2;0300;HONDA;FORZA;2019;1;SCG;3
56677;1;0700;YAMAHA;MT-07 ABS 35KW;2016;11;BS;7
56692;1;0750;APRILIA;SHIVER 35KW;2016;5;BS;7
56696;2;0500;HONDA;CB500F (< 1980);1973;7;B;5
56696;1;06500000000000000;KAWASAKI;VERSYS;2007;4;B;7
56699;1;0600;HONDA;CBR 600F;2011;5;SS;6
56718;1;0600;HONDA;HORNET IE;2012;6;SB;6
56902;1;0125;HONDA;CG;2007;5;B;1
56960;2;1290;KTM;SUPERDUKE R;2018;9;SB;12
56992;1;1400;MOTO GUZZI;CALIFORNIA ELDORADO;2018;9;CU;13
56998;1;0300;KAWASAKI;Z300 ABS;2016;5;B;4
57116;1;0900;YAMAHA;XJS DIVERSION;1995;1;GT;8
57119;1;1800;HONDA;GOLDWING AIRBAG;2016;4;GT;16
57159;3;0750;BMW;K75 ABS;1990;8;B;7
57159;1;1200;DUCATI;MULTISTRADA S TOURIN;2016;5;BS;11
57161;1;0900;TRIUMPH;BONNEVILLE IE T100 B;2014;10;B;8
57224;1;0350;SPY RACING;TRIKE ROADSTER TOTI;2015;1;TM1;3
57254;1;0050;PIAGGIO;VESPA S;2011;1;SCB;0
57364;1;0750;SUZUKI;GT;1972;1;B;7
57441;1;0125;MBK;OCITO (GPD125A);2016;5;SGR;1
57450;1;0500;HONDA;CB 500S 34CV;2002;2;B;5
57502;1;0250;KTM;EXC 2T MTT1;2008;1;EN;3
57502;2;0750;KAWASAKI;ZR-7 34CV;2003;8;B;7
57559;1;1050;TRIUMPH;SPEED TRIPLE;2005;10;SB;10
57573;12;0125;YAMAHA;TRICITY (MW125);2016;6;SC3;1
57573;13;0125;YAMAHA;TRICITY (MW125);2016;6;SC3;1
57573;15;0050;PEUGEOT;KISBEE 4T;2017;5;SCB;0
57573;2;0050;PEUGEOT;KISBEE 4T;2016;4;SCB;0
57573;9;0050;PEUGEOT;KISBEE 4T;2016;4;SCB;0
57573;4;0125;PEUGEOT;TWEET EVO;2016;4;SGR;1
57573;10;0050;PEUGEOT;KISBEE 4T;2016;4;SCB;0
57573;18;0125;SUZUKI;BURGMAN IE;2017;5;SCG;1
57573;6;0125;PEUGEOT;TWEET EVO;2016;4;SGR;1
57573;7;0125;PEUGEOT;TWEET EVO;2016;4;SGR;1
57573;1;0125;PEUGEOT;TWEET EVO;2016;4;SGR;1
57573;3;0050;PEUGEOT;KISBEE 4T;2016;4;SCB;0
57573;5;0050;SYM;FIDDLE;2012;4;SCB;0
57573;14;0050;PEUGEOT;KISBEE 4T;2017;5;SCB;0
57573;8;0050;PEUGEOT;KISBEE 4T;2016;4;SCB;0
57573;11;0050;PEUGEOT;KISBEE 4T;2016;4;SCB;0
57573;16;0125;SUZUKI;BURGMAN IE ABS;2009;2;SCG;1
57573;17;0125;SUZUKI;BURGMAN IE;2017;5;SCG;1
57611;1;0900;KAWASAKI;Z900 ABS;2017;4;SB;9
57619;1;1200;BMW;R1200R;2013;2;B;11
57621;1;06500000000000000;KAWASAKI;ER-6N ABS  35KW;2014;10;BS;7
57621;2;0900;HONDA;CBR-RR FIREBLADE;1993;1;HYS;8
57625;5;1000;HONDA;CBR-RR FIREBLADE;2005;4;HYS;9
57625;6;0250;PGO;BUG RIDER;2007;9;QM2;3
57686;1;0400;YAMAHA;X-MAX;2013;6;SCS;5
57686;2;0700;HONDA;DEAUVILLE C-ABS;2014;10;GT;7
57772;1;0125;HONDA;CA REBEL;1996;5;CU;1
57778;1;0250;KTM;EXC-F MTT1;2006;12;EN;3
57878;1;1300;YAMAHA;XJR;2002;3;BS;12
57920;1;10000000000000000;YAMAHA;FZ-R EXUP;1989;5;SS;10
57920;3;1000;YAMAHA;FZ-R EXUP;1990;10;SS;10
57920;2;0850;YAMAHA;TDM;2000;2;B;8
57936;1;0750;SUZUKI;GSX S750;2018;6;SB;7
57974;2;0750;SUZUKI;GSX-R IE;2003;10;HYS;7
57974;1;0600;HONDA;HORNET       (70KW);2001;6;SB;6
58213;1;0500;KAWASAKI;ER-5 (34CV);1998;3;B;5
58226;1;1300;SUZUKI;"GSX-R ""HAYABUSA""";2011;3;ST;12
58283;1;0125;MASAI;X-RAY;2023;7;SM;1
58395;3;0530;KTM;EXC-R;2008;5;EN;6
58480;2;0125;SUZUKI;VANVAN (RV125);2006;5;T;1
58513;2;0675;TRIUMPH;STREET TRIPLE RX;2015;7;SB;7
58542;2;0450;KTM;EXC RACING MTT1;2002;10;EN;5
58560;1;0750;KAWASAKI;Z 750-N IE;2009;1;SB;7
58578;1;0530;YAMAHA;T-MAX ABS;2013;3;SCS;6
58676;1;0750;KAWASAKI;Z 750-N IE;2010;3;SB;7
58700;1;0500;HONDA;CBR 500RA;2017;7;B;5
58708;1;01250000000000000;YAMAHA;MT-125;2015;8;B;1
58746;3;0690;KTM;SMC-R ABS 30KW (A2);2014;4;SM;7
58746;1;0125;SUZUKI;RG GAMMA;1996;7;SS;1
58815;1;0500;PIAGGIO;MP3 LT SPORT ABS;2015;12;S32;5
58824;2;0600;SUZUKI;"GSX-R IE ""MODIFIEE C";2003;1;HYS;6
58883;5;1400;MOTO GUZZI;MGX-21;2017;1;CU;13
58883;1;0350;BETAMOTOR;ALP 4.0 (USAGE TT);2008;7;TR;4
58883;2;0125;BETAMOTOR;ALP (4T);2007;7;TR;1
58883;9;0290;BETAMOTOR;EVO 2T;2011;1;TR;3
58883;10;0300;SYM;QUADLANDER S;2007;6;QM2;3
59098;1;0125;YAMAHA;SR;1991;5;CU;1
59106;1;0750;KAWASAKI;Z 750-N IE;2005;8;SB;7
59163;1;0600;YAMAHA;XJ6   35KW;2013;12;B;6
59164;1;0750;KAWASAKI;Z 750-N IE;2005;7;SB;7
59238;1;0600;HONDA;HORNET IE;2008;11;SB;6
59244;1;0600;YAMAHA;FZ6;2005;9;SB;6
59268;1;1000;BMW;S1000RR;2018;9;HYS;9
59287;1;0600;SUZUKI;BANDIT 34CV;1999;3;BS;6
59313;2;1300;SUZUKI;"GSX-R ""HAYABUSA""";2001;4;ST;12
59314;1;0650;SUZUKI;SV-S 34CV;2004;12;SS;7
59361;1;0600;SUZUKI;DR600S;1987;6;T;6
59362;1;0600;YAMAHA;FZS FAZER;2002;4;BS;6
59383;1;0250;YAMAHA;WR-F;2003;5;EN;3
59449;1;07500000000000000;HONDA;CB-SEVEN FIFTY;1997;9;B;7
59461;1;0250;MASH;TWO FIFTY;2016;6;B;3
59470;3;01250000000000000;YAMAHA;SR;1998;3;CU;1
59470;4;0125;YAMAHA;SR;1988;4;CU;1
59470;1;0125;YAMAHA;SR;1993;3;CU;1
59470;2;0125;YAMAHA;SR;1992;5;CU;1
59549;2;1000;MOTO GUZZI;CALIFORNIA III;1989;8;GT;9
59684;1;0600;YAMAHA;R6 IE (YZF-R6);2005;11;HYS;6
59748;1;0750;KAWASAKI;ZEPHYR;1992;8;B;7
59779;1;0675;TRIUMPH;STREET TRIPLE  ABS;2015;6;SB;7
59822;1;0750;KAWASAKI;Z 750-N IE;2007;10;SB;7
59844;3;1000;KAWASAKI;ZX-10R NINJA;2008;4;HYS;10
59844;2;06500000000000000;SUZUKI;SV-S 34CV;2005;10;SS;7
59844;1;0500;SUZUKI;GS-E;1997;6;B;5
59915;1;0125;SUZUKI;GN125D;1999;6;CU;1
60013;1;1150;BMW;R1150GS ABS;2003;4;TM;11
60027;1;0600;YAMAHA;THUNDERCAT (YZF-R);1996;3;ST;6
60062;3;0300;KTM;EXC TPI MTT1;2018;11;EN;4
60062;2;0700;YAMAHA;MT-07;2015;3;BS;7
60120;1;0080;BETAMOTOR;EVO JUNIOR;2003;1;TR;1
60183;1;0530;YAMAHA;T-MAX ABS;2016;6;SCS;6
60269;1;0850;BMW;R850R;1999;4;B;8
60304;1;0800;YAMAHA;FZ8;2011;7;SB;8
60311;1;0125;HONDA;VT SHADOW;1999;7;CU;1
60336;4;0650;HONDA;DEAUVILLE;1998;5;GT;7
60336;2;0600;HONDA;TRANSALP 34CV;1996;12;TMR;6
60336;3;0125;YAMAHA;TW;1999;6;T;1
60367;1;0125;HONDA;NSR;1989;7;SS;1
60367;3;0750;HONDA;X-ADV;2018;1;SGR;7
60384;1;0050;MBK;OVETTO ONE;2016;6;SCB;0
60409;1;0750;HONDA;X-ADV;2018;9;SGR;7
60409;2;0750;HONDA;X-ADV;2018;9;SGR;7
60428;1;0400;DRESEL MCT;QUAD SUZUKI LT-Z HOM;2006;4;QM2;5
60432;1;0800;BMW;F800R;2016;6;B;9
60464;1;1100;HONDA;CBR-XX SUPER BLACKBI;1998;11;ST;10
60468;2;0600;YAMAHA;FZS FAZER;2000;4;BS;6
60468;1;0250;SHERCO;SE-R 2.5;2015;8;EN;3
60479;1;0600;HONDA;HORNET IE ABS;2009;5;SB;6
60568;1;0600;YAMAHA;XJ6  34CV;2012;1;B;6
60608;1;0650;KAWASAKI;KLR;1996;6;T;7
60610;1;06000000000000000;YAMAHA;FZ6 34CV;2007;7;B;6
60720;1;00500000000000000;YAMASAKI;ROADSTER;2014;1;B;0
60723;2;0050;YAMAHA;DT-X;2010;4;SM;0
60723;1;0600;HONDA;CBR-F;1999;9;SS;6
60735;2;0125;KTM;EXC;2000;12;EN;1
60879;1;0125;YAMAHA;X-MAX;2009;8;SCS;1
60905;1;0650;SUZUKI;GLADIUS  34CV;2011;6;BS;7
60908;1;1000;BUELL;XB9-SX LIGHTNING CIT;2007;6;BS;9
60968;1;0600;YAMAHA;FZS FAZER;2003;4;BS;6
61071;1;0850;YAMAHA;MT-09 ABS;2014;10;SB;8
61078;1;1100;BMW;R1100RS;1993;6;GTS;10
61079;4;0500;SUZUKI;GS-E CARENEE;1994;10;B;5
61085;1;00500000000000000;PIAGGIO;ZIP;2016;1;SCB;0
61115;1;0600;YAMAHA;XTE;1995;5;T;6
61268;2;0850;YAMAHA;TRX;1997;5;RS;8
61308;1;0125;HONDA;CBR 125R IE;2011;3;RS;1
61356;1;0125;RIEJU;MARATHON PRO SUPERMO;2011;4;SM;1
61530;1;0125;PEUGEOT;VIVACITY (NEW);2013;4;SCG;1
61539;1;0625;GOES;QUAD G MAX;2012;3;QM2;6
61542;1;1200;BMW;R1200RT PACK;2006;4;GT;11
61578;1;01100000000000000;SKY TEAM;DINGO (DAX REPLICA);2005;10;B;1
61651;1;1000;SUZUKI;SV-N;2004;8;SB;9
61729;1;0650;SUZUKI;SV-S 34CV;2000;3;SS;7
61763;1;0800;BMW;F800GS;2009;3;TM;9
61772;2;0700;YAMAHA;MT-07 ABS 35KW;2014;5;BS;7
61778;2;0696;DUCATI;MONSTER;2009;7;BS;7
61814;1;06000000000000000;KAWASAKI;ZX-6R NINJA;2000;6;SS;6
61871;1;0700;YAMAHA;MT-07  35KW;2014;8;BS;7
61947;1;06000000000000000;YAMAHA;FZS FAZER;1999;7;BS;6
61956;1;0600;SUZUKI;BANDIT 34CV;2002;6;BS;6
62037;1;1100;HONDA;PAN EUROPEAN;1991;1;GT;10
62048;1;0300;PIAGGIO;MP3 LT BUSINESS ABS;2015;1;S32;4
62070;1;0750;KAWASAKI;ZEPHYR;1993;8;B;7
62070;2;1000;BOMBARDIER-BRP;SSV CAN-AM MAVERICK;2013;10;QM2;9
62076;1;0600;HONDA;TRANSALP;2000;7;TMR;6
62083;1;0650;SUZUKI;GLADIUS;2014;9;BS;7
62086;1;0800;TRIUMPH;TIGER ABS;2011;10;BS;8
62101;2;1150;INDIAN MOTORCYCLE;SCOUT  75KW;2016;5;CS;10
62101;1;1690;HARLEY-DAVIDSON;HERITAGE SOFTAIL CLA;2014;7;CU;15
62136;1;0050;SYM;JET ONE;2007;4;SCB;0
62264;2;0850;YAMAHA;MT-09;2014;2;SB;8
62277;1;0125;HONDA;CB-TWIN (MTL);1982;6;B;1
62302;1;1000;SUZUKI;GSX-RR;2018;7;HYS;9
62321;1;0600;YAMAHA;FZS FAZER 34CV;2003;12;BS;6
62423;1;0650;KAWASAKI;ER-6N 34CV;2008;7;BS;7
62451;1;1150;BMW;R1150R ROCKSTER ABS;2004;2;B;11
62473;1;0750;SUZUKI;GSX INAZUMA;2002;12;B;7
62524;1;10000000000000000;YAMAHA;R1 (YZF-R1);1999;6;HYS;9
62588;1;0250;KYMCO;QUAD KXR SPORT;2005;4;QM2;3
62605;1;0750;KAWASAKI;Z 750-N IE;2011;4;SB;7
62615;1;0600;YAMAHA;TT-E;1997;1;EN;6
62615;2;0125;YAMAHA;MAJESTY (YP);2000;3;SCG;1
62652;1;0600;YAMAHA;R6 IE (YZF-R6);2019;9;HYS;6
62736;4;0650;KAWASAKI;ER-6N 34CV;2009;10;BS;7
62736;1;1300;SUZUKI;B-KING BY LAZARETH;2003;7;SB;12
62740;2;0125;YAMAHA;TDR;2000;4;TS;1
62759;1;0650;SUZUKI;SV-S;2000;7;SS;7
62768;1;0750;BMW;K75RT;1995;9;GT;7
62777;1;0750;HONDA;CB-SEVEN FIFTY;1993;8;B;7
62829;1;0750;HONDA;X-ADV 35KW;2018;8;SGR;7
62895;1;0400;HUSQVARNA;SVARTPILEN 401;2019;2;B;5
62896;1;08000000000000000;KAWASAKI;"Z800 ""E"" ABS";2016;6;BS;8
62983;1;0350;YAMAHA;QUAD YFM-R;2006;3;QM2;4
63047;2;0750;SUZUKI;GSR;2014;8;SB;7
63047;3;0125;YAMAHA;DTMX;1979;1;T;1
63047;1;0125;SUZUKI;RM;1993;1;CR;1
63079;1;0125;BMW;C EVOLUTION (ELECTRI;2020;9;SCG;2
63091;1;0125;HONDA;MSX125;2014;7;B;1
63092;1;0422;PIAGGIO;APE CALESSINO;2011;3;TM2;5
63115;1;0350;YAMAHA;QUAD YFM-R;2005;9;QM2;4
63115;2;1000;YAMAHA;MT-10;2016;7;SB;9
63173;1;0600;SUZUKI;BANDIT;1996;5;BS;6
63342;1;0600;YAMAHA;XJ-N;2001;1;B;6
63390;2;0125;PEUGEOT;TWEET;2014;6;SGR;1
63390;1;0125;DAELIM;S2 FREEWING IE;2009;7;SCG;1
63390;3;0125;YAMAHA;N-MAX;2017;9;SGR;1
63478;1;0250;PIAGGIO;MP3 LT (TM);2009;3;S32;3
63548;1;0400;KAWASAKI;Z400;2023;5;B;5
63586;1;1340;HARLEY-DAVIDSON;SOFTAIL SPRINGER;1992;6;CU;12
63600;1;0400;HONDA;"CB 400F1 ""SUPERSPORT";1976;6;B;5
63632;1;0600;HONDA;HORNET  34CV;1999;9;SB;6
63658;1;0125;KTM;EXC;2004;3;EN;1
63658;2;0450;KTM;EXC-F MTT1;2020;6;EN;5
63672;1;08000000000000000;KAWASAKI;"Z800 ""E""";2015;7;BS;8
63783;1;06000000000000000;YAMAHA;XJ6  34CV;2011;1;B;6
63783;2;1000;BMW;K100RT;1984;10;GT;9
63835;1;0800;BMW;R80/7;1983;1;B;9
63926;1;0600;YAMAHA;XJ6 DIVERSION;2010;1;B;6
63965;1;06000000000000000;HONDA;HORNET;2001;10;SB;6
63974;1;0125;PEUGEOT;VIVACITY (NEW);2011;8;SCG;1
63979;1;10000000000000000;YAMAHA;R1 (YZF-R1);1999;9;HYS;9
63979;2;1000;YAMAHA;R1 (YZF-R1);1999;9;HYS;9
63993;1;0650;KAWASAKI;"ER-6N ""MODIFIEE CIRC";2006;9;BS;7
64050;1;01250000000000000;HONDA;VARADERO IE;2009;9;TMR;1
64083;1;0050;PEUGEOT;KISBEE 4T;2016;7;SCB;0
64083;2;0125;YAMAHA;WR-X;2010;11;SM;1
64083;3;0125;HONDA;PCX (WW125);2015;5;SGR;1
64098;2;0750;SUZUKI;GSX-F;1992;1;ST;7
64148;2;0600;HONDA;CBR-RR IE;2008;5;HYS;6
64154;2;0125;DAELIM;S2 FREEWING;2007;9;SCG;1
64248;2;1500;HONDA;GOLDWING;1988;1;GT;14
64248;3;1300;YAMAHA;XJR;2006;5;BS;12
64248;1;1600;KBM TRIKE'S;GENESIS;2004;3;TM2;14
64255;2;1200;BMW;K1200S (FULL);2005;7;ST;11
64255;3;1868;HARLEY-DAVIDSON;STREET GLIDE SPECIAL;2018;10;GT;16
64319;1;0085;KTM;SX;2007;1;CR;0
64321;1;0900;HONDA;CBR-RR FIREBLADE;1993;10;HYS;8
64332;1;1200;SUZUKI;BANDIT-S;2003;5;BS;11
64406;1;0125;DAELIM;ROADWIN;2007;6;BS;1
64450;2;06000000000000000;YAMAHA;XJ-N;1999;10;B;6
64450;1;0600;YAMAHA;FZ6;2004;1;SB;6
64488;2;0600;HONDA;CBR-RR IE;2006;6;HYS;6
64530;1;0125;YAMAHA;YB-R;2008;9;B;1
64530;2;0700;YAMAHA;MT-07 ABS 60TH ANNIV;2016;6;BS;7
64546;1;0150;KYMCO;QUAD MXU;2016;7;QM2;2
64551;1;1100;BMW;R1100GS ABS;1995;6;TM;10
64569;1;0750;KAWASAKI;Z 750-N IE;2009;6;SB;7
64627;3;0750;APRILIA;DORSODURO 35KW;2011;6;BS;7
64636;1;00500000000000000;PIAGGIO;ZIP;2016;1;SCB;0
64645;1;0400;YAMAHA;X-MAX;2013;10;SCS;5
64687;1;0650;KAWASAKI;ER-6F  34CV;2010;8;SS;7
64779;2;1000;BMW;S1000R;2015;1;SB;9
64809;1;1000;BMW;S1000RR;2017;10;HYS;9
64851;3;1000;CAGIVA;RAPTOR;2000;5;SB;9
64851;1;0900;BMW;R90/6;1975;11;B;8
64936;1;0125;HONDA;PANTHEON (FES);2006;1;SCG;1
64944;1;0600;YAMAHA;XJ-S DIVERSION;2000;6;B;6
64986;1;0500;PIAGGIO;MP3 LT BUSINESS;2014;4;S32;5
65046;1;06500000000000000;BMW;C600 SPORT;2013;7;SCS;7
65080;1;0650;SUZUKI;GLADIUS ABS  35KW;2014;11;BS;7
65092;1;1690;HARLEY-DAVIDSON;DYNA STREET BOB;2016;7;CU;15
65093;1;0050;PIAGGIO;TYPHOON;2003;11;SCS;0
65103;3;10000000000000000;BMW;S1000R;2018;5;SB;9
65129;1;0400;PEUGEOT;SATELIS URBAN;2008;9;SCG;5
65143;3;0125;HONDA;CBR 125R IE;2011;6;RS;1
65143;2;0650;SUZUKI;SV-S 34CV;2004;5;SS;7
65159;1;0750;SUZUKI;GSR;2012;1;SB;7
65163;1;1700;YAMAHA;MT-01;2006;5;BS;15
65163;3;1700;YAMAHA;MT-01;2006;11;BS;15
65329;1;1200;BMW;R1200GS;2010;12;TMR;11
65374;1;1000;YAMAHA;FZS FAZER;2003;4;SB;9
65646;1;06600000000000000;YAMAHA;QUAD GRIZZLY HOMOLOG;2003;4;QM2;1
65655;1;0125;SYM;GTS EVO EFI;2014;8;SCG;1
65763;1;0700;YAMAHA;MT-07 ABS;2016;9;BS;7
65833;1;0600;HONDA;CB-F;2006;6;B;6
65836;1;0900;YAMAHA;TDM;2004;11;B;9
65856;1;0660;YAMAHA;SZR;1998;3;RS;7
65856;2;0125;YAMAHA;XT-X SM;2006;6;SM;1
65856;3;0230;HM;CR-F EASY TRAIL;2006;8;T;3
65905;1;0600;HONDA;HORNET IE;2013;3;SB;6
65990;2;0650;KAWASAKI;ER-6N  35KW;2014;10;BS;7
65990;1;06500000000000000;KAWASAKI;ER-6N  35KW;2014;6;BS;7
66153;1;0800;KAWASAKI;"Z800 ""E"" ABS 35KW";2016;5;BS;8
66153;2;0800;KAWASAKI;"Z800 ""E"" ABS";2016;5;BS;8
66170;1;0600;SUZUKI;BANDIT 34CV;1995;12;BS;6
66233;1;1200;BMW;R1200GS ABS;2014;12;TMR;11
66323;1;0500;PIAGGIO;MP3 LT SPORT ABS;2016;10;S32;5
66352;1;0600;YAMAHA;XJ6 ABS;2013;7;B;6
66419;1;0750;KAWASAKI;ZR-7 S;2003;10;B;7
66471;1;0600;SUZUKI;GSR 34CV;2006;1;SB;6
66482;1;1050;TRIUMPH;TIGER SPORT;2020;3;BS;9
66538;3;0600;SUZUKI;GSR;2006;5;SB;6
66557;1;0750;SUZUKI;GSX-R IE;2007;10;HYS;7
66561;1;0125;KTM;DUKE;2011;8;B;1
66615;1;0125;HONDA;SH-I;2006;7;SGR;1
66664;1;0800;KAWASAKI;Z800  ABS;2015;8;SB;8
66668;1;1200;KAWASAKI;ZRX-S;2004;7;BS;11
66668;2;1200;KAWASAKI;ZRX-R;2007;12;BS;11
66678;1;1300;SUZUKI;"GSX-R ""HAYABUSA""";2012;7;ST;12
66700;1;0800;GILERA;GP800;2010;8;SCS;9
66703;1;0500;HONDA;CBR 500RA;2013;5;B;5
66749;1;0125;APRILIA;TUONO 2T;2003;10;BS;1
66767;1;1000;KAWASAKI;Z1000 IE SX;2008;3;ST;10
66767;2;0350;KTM;EXC-F MTT1;2015;12;EN;4
66839;1;0125;YAMAHA;YZF-R;2009;3;RS;1
66964;1;00500000000000000;KEEWAY;HURRICANE;2016;8;SCS;0
67044;1;0050;MBK;OVETTO;2016;6;SCB;0
67064;1;0900;KAWASAKI;Z900 ABS;2018;6;SB;9
67113;1;0500;HONDA;CB 500;1999;5;B;5
67153;1;0690;KTM;SMC-R;2013;3;SM;7
67213;1;0150;KYMCO;QUAD MXER;2003;7;QM2;2
67275;1;0600;YAMAHA;FZ6 34CV;2007;8;B;6
67275;2;0290;SHERCO;SHERCO 2.9;2006;1;TR;3
67345;1;1000;DUCATI;MONSTER S2R;2007;6;BS;9
67409;1;0600;YAMAHA;FZS FAZER 34CV;2003;9;BS;6
67447;1;0650;SUZUKI;SV-S 34CV;2004;1;SS;7
67447;2;1290;KTM;SUPERDUKE R;2021;10;SB;12
67504;1;0750;KAWASAKI;Z 750-S IE;2007;6;BS;7
67525;1;0350;YAMAHA;QUAD YFM-RW RAPTOR;2007;8;QM2;4
67585;1;0990;KTM;ADVENTURE S;2008;3;TM;9
67585;2;1000;SUZUKI;GSX-R;2004;7;HYS;9
67618;2;0800;HONDA;VFR-F;1999;7;ST;8
67644;1;1450;HARLEY-DAVIDSON;SOFTAIL DEUCE;2000;6;CU;13
67716;1;0125;YAMAHA;TW;1999;4;T;1
67742;1;00500000000000000;LONGJIA;DIGITA 51;2015;12;SCB;0
67893;1;0650;SUZUKI;V-STROM XT;2019;5;TMR;7
67893;2;0125;APRILIA;ATLANTIC SPRINT;2009;12;SCG;1
67940;1;0600;SUZUKI;GSR 34CV;2009;12;SB;6
67967;3;0125;YAMAHA;DTLC;1986;11;T;1
67982;1;0800;DUCATI;MONSTER S2R;2005;3;BS;7
68078;2;1000;BRP CAN-AM;CAN-AM SPYDER RSS SE;2014;10;TM2;9
68127;1;0050;KYMCO;AGILITY NAKED RS REN;2013;7;SCS;0
68140;1;0600;SUZUKI;GSR;2006;9;SB;6
68223;1;1200;HARLEY-DAVIDSON;XR;2008;7;BS;11
68251;1;0600;SUZUKI;BANDIT 34CV;2002;3;BS;6
68269;1;1730;VICTORY;VISION TOUR;2013;4;GT;15
68269;3;0125;HONDA;CA REBEL;1996;3;CU;1
68340;1;0600;HONDA;CBR;1991;3;ST;6
68373;1;1745;HARLEY-DAVIDSON;SOFTAIL HERITAGE CLA;2018;4;CU;15
68406;1;0200;JLD;ENDURO 200WR;1993;10;EN;2
68468;1;0650;SUZUKI;SV-N;2000;8;BS;7
68486;1;0125;KYMCO;CK-1;2016;9;B;1
68544;1;0125;PIAGGIO;VESPA GRANDTURISMO;2008;11;SCB;1
68561;1;0675;TRIUMPH;DAYTONA R;2013;8;HYS;7
68563;1;0125;YAMAHA;YZF-R;2008;6;RS;1
68596;1;0700;YAMAHA;MT-07;2014;8;BS;7
68615;1;0050;PEUGEOT;SPEEDFIGHT 3 4T;2015;6;SCS;0
68618;1;0650;KAWASAKI;ER-6N ABS;2016;9;BS;7
68652;1;0650;KAWASAKI;KLR;1999;4;T;7
68692;1;0500;HONDA;"CB 500 ""PC32A"" MTT1";1998;1;B;5
68725;1;0125;ORCAL;ASTOR;2016;2;B;1
68725;3;0535;ROYAL ENFIELD;CONTINENTAL GT;2014;11;B;6
68725;2;0883;HARLEY-DAVIDSON;SPORTSTER;1991;5;B;9
68725;4;0750;MOTO GUZZI;V7  RACER;2012;12;B;7
68737;1;0650;SUZUKI;SV-S 34CV;2001;4;SS;7
68768;1;0050;PEUGEOT;LUDIX ONE 2P;2006;4;SCB;0
68804;1;0690;KTM;SMC;2008;8;SM;7
68810;1;0050;SHENKE;SILVER;2016;9;SCB;0
68969;1;06000000000000000;HONDA;HORNET  34CV;2002;1;SB;6
68969;2;0600;HONDA;HORNET  34CV;2002;1;SB;6
69002;1;0883;HARLEY-DAVIDSON;SPORTSTER;1991;1;B;9
69006;1;0600;YAMAHA;XJ-S DIVERSION;1999;10;B;6
69183;1;0600;KAWASAKI;ZZR;2000;3;ST;6
69236;2;0050;JIAJUE;RAPTOR;2018;2;SCB;0
69270;1;0125;HONDA;S-WING ABS TOP BOX;2011;11;SCG;1
69270;2;0125;HONDA;VT SHADOW;2001;4;CU;1
69270;3;0650;KAWASAKI;VULCAN S ABS;2015;4;CS;7
69373;1;0750;KAWASAKI;VULCAN (VN);1993;12;CU;7
69434;1;01250000000000000;SUZUKI;VANVAN;2004;10;T;1
69455;1;0750;KAWASAKI;Z 750-S IE;2006;8;BS;7
69471;1;0500;HONDA;CB 500FA;2015;3;B;5
69567;1;1100;SUZUKI;GSX1100G;1996;2;B;10
69579;1;0450;QUADDY;QUAD YF-Z HOMOLOGUE;2015;3;QM2;5
69584;1;0650;SUZUKI;GLADIUS ABS  35KW;2013;8;BS;7
69609;1;0600;SUZUKI;BANDIT 34CV;1998;6;BS;6
69626;1;1050;TRIUMPH;SPEED TRIPLE;2009;10;SB;10
69658;2;0500;KAWASAKI;KLE;1995;10;TMR;5
69810;1;0900;YAMAHA;TDM ABS;2009;10;B;9
69874;2;0800;YAMAHA;FZ8;2013;5;SB;8
69874;1;0750;KAWASAKI;Z 750-N IE;2008;1;SB;7
69987;1;1100;HONDA;CB 1100;2013;2;B;11
69995;1;0500;KAWASAKI;ER-5 (34CV);2002;4;B;5
69995;2;0125;JINCHENG;DINGO (DAX REPLICA);2011;8;B;1
70144;1;0660;YAMAHA;XT-Z TENERE;1994;7;T;7
70263;2;0650;HONDA;CB 650FA ABS;2014;7;BS;7
70263;1;1000;KAWASAKI;NINJA SX;2022;10;ST;10
70269;1;0570;HYTRACK;QUAD HY X T3;2023;10;QM2;3
70269;2;0150;HYTRACK;QUAD HY-S;2016;9;QU;0
70276;1;06500000000000000;KAWASAKI;ER-6N ABS  35KW;2016;9;BS;7
70288;1;0125;YAMAHA;YZF-R;2008;8;RS;1
70373;1;0700;YAMAHA;MT-07 ABS 35KW;2016;9;BS;7
70391;1;0125;YAMAHA;TDR;2000;12;TS;1
70504;1;0750;SUZUKI;INTRUDER;1991;5;CU;7
70506;1;0600;YAMAHA;XTE;1996;11;T;6
70542;1;0750;YAMAHA;XTZ SUPER TENERE;1993;8;TM;7
70542;2;0650;SUZUKI;SV-S 34CV;2002;6;SS;7
70543;1;0650;SUZUKI;SV-N 34CV;1999;10;BS;7
70566;1;0125;HONDA;VT SHADOW;2000;9;CU;1
70568;1;0650;SUZUKI;GLADIUS;2009;11;BS;7
70568;2;0125;HONDA;"CLR ""CITYFLY""";2000;4;B;1
70692;1;0125;SUZUKI;TS-R;1994;3;T;1
70745;1;0600;HONDA;HORNET IE;2007;10;SB;6
70817;1;0500;KYMCO;X-CITING;2010;11;SCS;5
70920;1;0050;PIAGGIO;ZIP;2007;8;SCB;0
71001;1;0050;YAMAHA;NEO'S;2016;12;SCB;0
71081;2;1000;BMW;"R100R ""CLASSIC""";1993;6;B;9
71081;1;0650;HONDA;AFRICA TWIN (XRV);1989;10;TM;7
71090;1;0250;KTM;EXC-F MTT1;2013;5;EN;3
71305;1;1200;HARLEY-DAVIDSON;SPORTSTER;1998;1;B;11
71368;1;0125;ORCAL;ASTOR;2016;3;B;1
71377;1;0650;KAWASAKI;ER-6F  34CV;2010;4;SS;7
71385;1;0125;HONDA;FORZA (NSS125AD);2015;10;SCS;1
71451;1;0750;SUZUKI;GSR;2014;6;SB;7
71482;1;0300;SHERCO;SE-R 3.0;2014;12;EN;4
71485;1;0300;KTM;EXC;2016;4;EN;4
71532;1;0600;YAMAHA;THUNDERCAT (YZF-R);1998;5;ST;6
71590;1;0125;YAMAHA;YZF-R;2008;5;RS;1
71624;1;0650;KAWASAKI;VERSYS ABS  35KW;2020;8;B;7
71912;1;0600;HONDA;HORNET       (71KW);2003;5;SB;6
72003;1;1100;SUZUKI;GSX-R;1994;3;SS;10
72425;2;1000;YAMAHA;R1 IE (YZF-R1);2004;4;HYS;9
72442;3;0600;HONDA;TRANSALP +35KW;1993;5;TMR;6
72442;1;0650;SUZUKI;SV-S 34CV;2003;7;SS;7
72452;1;0600;HONDA;HORNET       (70KW);2003;7;SB;6
72497;1;1250;HARLEY-DAVIDSON;NIGHT-ROD SPECIAL AB;2017;3;BS;11
72522;1;0650;KAWASAKI;ER-6N  35KW;2014;12;BS;7
72570;1;0300;KAWASAKI;NINJA 300R ABS 30TH;2016;8;SS;4
72573;3;0600;HONDA;TRANSALP;1996;7;TMR;6
72573;1;0400;HONDA;XR-R;2001;4;EN;4
72573;2;0400;HONDA;VFR-R;1993;1;SS;4
72633;1;0600;SUZUKI;GSR;2009;12;SB;6
72704;1;0400;HONDA;VF-F;1984;9;RS;5
72815;2;0250;KTM;EXC-F MTT1;2016;8;EN;3
72815;1;0250;KTM;EXC 2T;2015;11;EN;3
72815;3;0350;KTM;EXC-F MTT1;2018;2;EN;4
72922;1;0050;PEUGEOT;VIVACITY (NEW) 2T SP;2013;1;SCB;0
73020;1;00500000000000000;PEUGEOT;CITYSTAR;2013;1;SCG;0
73020;2;0125;PEUGEOT;CITYSTAR;2013;8;SCG;1
73025;1;1200;HARLEY-DAVIDSON;SPORTSTER;1993;3;B;11
73131;1;00500000000000000;JM MOTORS;SCOOTER;2016;1;SCB;0
73147;1;0125;SUZUKI;INTRUDER (VL);1999;8;CU;1
73154;1;0320;YAMAHA;MT-03;2016;11;B;4
73215;1;0250;KTM;EXC 2T;2015;8;EN;3
73215;2;0500;YAMAHA;T-MAX IE;2009;1;SCS;5
73268;1;0939;DUCATI;HYPERMOTARD;2016;3;SM;9
73303;2;01250000000000;HONDA;S-WING;2006;10;SCG;1
73344;1;0800;YAMAHA;FZ8;2011;11;SB;8
73402;1;0700;HONDA;TRANSALP C-ABS;2011;5;TMR;7
73402;2;0650;BMW;G650GS ABS;2010;4;T;7
73545;1;1300;YAMAHA;XJR-SP;2000;5;BS;12
73693;1;0125;HONDA;"MSX125 ""GROM""";2013;5;B;1
73693;2;0800;HONDA;VFR-F V-TEC ABS;2004;5;ST;8
73693;3;0700;HONDA;TRANSALP ABS;2007;1;TMR;7
73750;3;08500000000000000;YAMAHA;MT-09 TRACER (FULL);2015;6;BS;8
73750;4;0460;TGB;QUAD BLADE;2011;4;QM2;5
73750;2;0250;YAMAHA;TT-R;2002;3;EN;3
73750;1;0125;YAMAHA;DTMX;1982;3;T;1
73876;1;0600;SUZUKI;BANDIT 34CV;2000;2;BS;6
73927;1;0650;HONDA;CBR 650FA 35KW;2014;9;SS;7
74005;1;0125;PEUGEOT;TWEET EVO;2016;11;SGR;1
74031;2;0821;DUCATI;HYPERMOTARD  70KW;2013;1;SB;8
74031;1;0700;YAMAHA;MT-07 ABS 35KW;2016;9;BS;7
74066;1;0600;HONDA;HORNET       (71KW);2005;3;SB;6
74091;1;0954;HONDA;CBR-RR FIREBLADE;2002;2;HYS;9
74100;2;0675;TRIUMPH;"DAYTONA ""MODIFIEE CI";2008;1;HYS;7
74100;1;1050;TRIUMPH;SPRINT ST;2006;1;ST;10
74167;1;1000;BMW;R100RT CLASSIC;1989;2;GT;9
74167;5;0125;BMW;C1;2001;1;SCG;1
74167;4;1000;BMW;K100LT ABS;1989;6;GT;9
74173;1;0250;YAMAHA;WR-F;2006;12;EN;3
74263;2;1000;YAMAHA;"FZ1 ""N""";2006;4;SB;9
74263;1;0600;YAMAHA;FZS FAZER 34CV;2003;1;BS;6
74278;1;0600;YAMAHA;FZS FAZER 34CV;2001;12;BS;6
74346;1;1200;HARLEY DAVIDSON;SPORTSTER R ROADSTER;2008;6;B;11
74372;1;0800;BMW;F800R ABS;2014;3;B;9
74393;3;1100;APRILIA;TUONO V4 FACTORY;2020;2;SB;10
74393;1;1100;APRILIA;TUONO V4 FACTORY;2020;12;SB;10
74493;1;0660;YAMAHA;XT-X SM +35KW;2011;6;SM;7
74497;2;1200;SUZUKI;BANDIT;1997;6;BS;11
74497;1;0600;HONDA;TRANSALP +35KW;1994;10;TMR;6
74512;1;0050;RAZZO;CITY;2013;5;SCB;0
74606;1;0050;EUROCKA;GTR;2016;7;SCB;0
74614;1;0850;YAMAHA;TDM;1996;5;B;8
74664;3;0690;KTM;LC4 ENDURO MTT1;2009;5;EN;7
74725;1;0125;HONDA;CBR 125R IE;2016;11;RS;1
74928;1;0500;KAWASAKI;KLE;1992;3;TMR;5
74958;1;1200;DUCATI;DIAVEL CARBON;2012;3;CS;11
74960;1;1200;YAMAHA;V-MAX;1991;4;CS;11
74973;3;0800;HONDA;VFR-F;1998;5;ST;8
74986;1;1200;YAMAHA;V-MAX;1994;4;CS;11
74986;2;0750;YAMAHA;XTZ SUPER TENERE;1989;1;TM;7
74994;3;0500;YAMAHA;T-MAX IE;2008;3;SCS;5
74994;4;1000;HONDA;CB 1000R;2009;1;SB;9
75065;1;1800;HONDA;GOLD WING CONFORT;2016;4;GT;16
75088;1;0750;HONDA;VT SHADOW;1997;6;CU;7
75103;1;0125;SUZUKI;DR-SM;2012;9;SM;1
75138;1;0050;PEUGEOT;KISBEE RS 2T;2016;12;SCB;0
75160;1;0600;SUZUKI;BANDIT;1998;10;BS;6
75219;1;1100;YAMAHA;BULLDOG (BT);2005;4;B;10
75223;1;0125;BETAMOTOR;RR LC (4T);2010;1;T;1
75370;1;0600;HONDA;HORNET       (71KW);2006;8;SB;6
75451;1;0883;HARLEY-DAVIDSON;SPORTSTER IRON ABS 3;2016;12;B;9
75458;3;08210000000000000;DUCATI;MONSTER  70KW;2014;12;SB;8
75458;2;0821;DUCATI;MONSTER  70KW;2014;12;SB;8
75521;1;0450;KL;KLX-R MTT1;2016;9;EN;5
75544;1;1200;BMW;R NINE T SCRAMBLER +;2016;9;TMR;11
75641;1;0125;HONDA;XL-R;1982;5;T;1
75690;2;1340;HARLEY-DAVIDSON;SOFTAIL HERITAGE CLA;1988;7;CU;12
75690;4;0600;SUZUKI;BANDIT 34CV;1999;6;BS;6
75690;1;1450;HARLEY-DAVIDSON;ELECTRA GLIDE STANDA;2003;12;GT;13
75903;1;0125;BETAMOTOR;RE;2016;8;T;1
75920;3;0125;YAMAHA;MT-125;2016;8;B;1
75920;4;0650;HONDA;CB 650FA ABS;2016;6;BS;7
75920;1;0900;KAWASAKI;VN CLASSIC;2007;4;CU;8
75920;2;0650;HONDA;CB 650FA ABS;2016;6;BS;7
75930;2;0050;PGO;BIG MAX;2005;1;SCS;0
75930;4;0900;HONDA;HORNET (CB-F);2003;4;SB;9
75997;1;0916;DUCATI;ST4;2000;7;ST;9
76055;1;0125;YAMAHA;X-MAX;2010;3;SCS;1
76079;1;0250;HM;250F MOTARD SM;2007;3;SM;3
76168;1;0300;PIAGGIO;MP3 LT HPE SPORT;2021;9;S32;4
76232;1;0125;SUZUKI;GSX-R125;2017;11;SS;1
76362;1;0125;PIAGGIO;X8;2005;9;SCG;1
76425;1;0500;KAWASAKI;ER-5 (34CV);1998;3;B;5
76439;1;0750;KAWASAKI;Z 750-N IE;2007;5;SB;7
76460;1;0900;YAMAHA;XJF;1990;6;B;8
76471;1;1800;HONDA;GOLDWING CONFORT 40T;2012;9;GT;16
76496;1;0050;PGO;BIG MAX RS;2016;11;SCS;0
76550;2;1050;TRIUMPH;SPEED TRIPLE;2008;2;SB;10
76613;1;0125;YAMAHA;XV VIRAGO;1999;5;CU;1
76622;1;0650;KAWASAKI;ER-6N  35KW;2015;7;BS;7
76718;1;0125;PIAGGIO;X EVO;2008;7;SCG;1
76726;2;0900;KAWASAKI;Z900 ABS;2019;1;SB;9
76795;1;0110;HONDA;CR-F;2016;12;CR;0
